# Geometry/BC override for FEDDLib's P2 hollow cylinder: moves the mid-edge
# nodes of the curved walls onto the cylinder and sets the Dirichlet flags.
# Generated -- do not edit by hand.
# 1558 COORD lines, 1734 FLAG lines ({'inner': 556, 'outer': 740, 'bottom': 126, 'top': 126, 'pin0': 6, 'pin1': 6, 'pin2': 6, 'ring7': 36, 'ring8': 36, 'ring6': 48, 'ring9': 48})
COORD 1.2778517869999999 0.16823237930000001 0 1.28887832 0.16968404989999999 0
COORD 1.1907682995 0.49323237930000002 0 1.2010433920000001 0.49748846209999997 0
COORD 1.02253592025 0.78461940774999994 0 1.031359342 0.79138985770000003 0
COORD 0.78461940774999994 1.02253592025 0 0.79138985770000003 1.031359342 0
COORD 0.49323237930000002 1.1907682995 0 0.49748846209999997 1.2010433920000001 0
COORD 0.16823237929999804 1.2778517869999999 0 0.16968404989999999 1.28887832 0
COORD -0.16823237930000198 1.2778517869999999 0 -0.16968404989999999 1.28887832 0
COORD -0.49323237930000002 1.1907682995 0 -0.49748846209999997 1.2010433920000001 0
COORD -0.78461940774999994 1.02253592025 0 -0.79138985770000003 1.031359342 0
COORD -1.02253592025 0.78461940774999994 0 -1.031359342 0.79138985770000003 0
COORD -1.1907682995 0.49323237930000002 0 -1.2010433920000001 0.49748846209999997 0
COORD -1.2778517869999999 0.16823237929999749 0 -1.28887832 0.16968404989999999 0
COORD -1.2778517869999999 -0.16823237930000254 0 -1.28887832 -0.16968404989999999 0
COORD -1.1907682995 -0.49323237930000002 0 -1.2010433920000001 -0.49748846209999997 0
COORD -1.02253592025 -0.78461940774999994 0 -1.031359342 -0.79138985770000003 0
COORD -0.78461940774999994 -1.02253592025 0 -0.79138985770000003 -1.031359342 0
COORD -0.49323237930000002 -1.1907682995 0 -0.49748846209999997 -1.2010433920000001 0
COORD -0.16823237929999899 -1.2778517869999999 0 -0.16968404989999999 -1.28887832 0
COORD 0.16823237930000104 -1.2778517869999999 0 0.16968404989999999 -1.28887832 0
COORD 0.49323237930000002 -1.1907682995 0 0.49748846209999997 -1.2010433920000001 0
COORD 0.78461940774999994 -1.02253592025 0 0.79138985770000003 -1.031359342 0
COORD 1.02253592025 -0.78461940774999994 0 1.031359342 -0.79138985770000003 0
COORD 1.1907682995 -0.49323237930000002 0 1.2010433920000001 -0.49748846209999997 0
COORD 1.2778517869999999 -0.16823237930000001 0 1.28887832 -0.16968404989999999 0
COORD 0.96984631040000002 0.17101007165000001 0 0.98480775300000001 0.17364817769999999 0
COORD 0.85286853195000001 0.49240387650000006 0 0.86602540380000004 0.5 0
COORD 0.63302222154999999 0.75440650675000009 0 0.64278760970000004 0.76604444309999997 0
COORD 0.33682408884999998 0.92541657840000002 0 0.34202014330000002 0.93969262080000004 0
COORD 0 0.98480775300000001 0 6.1232339960000003e-17 1 0
COORD -0.33682408884999998 0.92541657840000002 0 -0.34202014330000002 0.93969262080000004 0
COORD -0.63302222154999999 0.75440650675000009 0 -0.64278760970000004 0.76604444309999997 0
COORD -0.85286853195000001 0.49240387650000006 0 -0.86602540380000004 0.5 0
COORD -0.96984631040000002 0.17101007165000073 0 -0.98480775300000001 0.17364817769999999 0
COORD -0.96984631040000002 -0.17101007164999929 0 -0.98480775300000001 -0.17364817769999999 0
COORD -0.85286853195000001 -0.49240387650000006 0 -0.86602540380000004 -0.5 0
COORD -0.63302222154999999 -0.75440650675000009 0 -0.64278760970000004 -0.76604444309999997 0
COORD -0.33682408884999998 -0.92541657840000002 0 -0.34202014330000002 -0.93969262080000004 0
COORD 0 -0.98480775300000001 0 -5.5127675379999997e-15 -1 0
COORD 0.33682408884999998 -0.92541657840000002 0 0.34202014330000002 -0.93969262080000004 0
COORD 0.63302222154999999 -0.75440650675000009 0 0.64278760970000004 -0.76604444309999997 0
COORD 0.85286853195000001 -0.49240387650000006 0 0.86602540380000004 -0.5 0
COORD 0.96984631040000002 -0.17101007165000001 0 0.98480775300000001 -0.17364817769999999 0
COORD 1.3 0 0.16666666664999999 1.3 0 0.16666666669999999
COORD 1.3 0 0.83333333334999993 1.3 0 0.83333333330000003
COORD 1.3 0 1.1666666664999998 1.3 0 1.1666666670000001
COORD 1.3 0 1.8333333335000002 1.3 0 1.8333333329999999
COORD 1.2778517869999999 0.16823237930000001 2 1.28887832 0.16968404989999999 2
COORD 1.1907682995 0.49323237930000002 2 1.2010433920000001 0.49748846209999997 2
COORD 1.02253592025 0.78461940774999994 2 1.031359342 0.79138985770000003 2
COORD 0.78461940774999994 1.02253592025 2 0.79138985770000003 1.031359342 2
COORD 0.49323237930000002 1.1907682995 2 0.49748846209999997 1.2010433920000001 2
COORD 0.16823237929999804 1.2778517869999999 2 0.16968404989999999 1.28887832 2
COORD -0.16823237930000198 1.2778517869999999 2 -0.16968404989999999 1.28887832 2
COORD -0.49323237930000002 1.1907682995 2 -0.49748846209999997 1.2010433920000001 2
COORD -0.78461940774999994 1.02253592025 2 -0.79138985770000003 1.031359342 2
COORD -1.02253592025 0.78461940774999994 2 -1.031359342 0.79138985770000003 2
COORD -1.1907682995 0.49323237930000002 2 -1.2010433920000001 0.49748846209999997 2
COORD -1.2778517869999999 0.16823237929999749 2 -1.28887832 0.16968404989999999 2
COORD -1.2778517869999999 -0.16823237930000254 2 -1.28887832 -0.16968404989999999 2
COORD -1.1907682995 -0.49323237930000002 2 -1.2010433920000001 -0.49748846209999997 2
COORD -1.02253592025 -0.78461940774999994 2 -1.031359342 -0.79138985770000003 2
COORD -0.78461940774999994 -1.02253592025 2 -0.79138985770000003 -1.031359342 2
COORD -0.49323237930000002 -1.1907682995 2 -0.49748846209999997 -1.2010433920000001 2
COORD -0.16823237929999899 -1.2778517869999999 2 -0.16968404989999999 -1.28887832 2
COORD 0.16823237930000104 -1.2778517869999999 2 0.16968404989999999 -1.28887832 2
COORD 0.49323237930000002 -1.1907682995 2 0.49748846209999997 -1.2010433920000001 2
COORD 0.78461940774999994 -1.02253592025 2 0.79138985770000003 -1.031359342 2
COORD 1.02253592025 -0.78461940774999994 2 1.031359342 -0.79138985770000003 2
COORD 1.1907682995 -0.49323237930000002 2 1.2010433920000001 -0.49748846209999997 2
COORD 1.2778517869999999 -0.16823237930000001 2 1.28887832 -0.16968404989999999 2
COORD 1 0 0.16666666664999999 1 0 0.16666666669999999
COORD 1 0 0.83333333334999993 1 0 0.83333333330000003
COORD 1 0 1.1666666664999998 1 0 1.1666666670000001
COORD 1 0 1.8333333335000002 1 0 1.8333333329999999
COORD 0.96984631040000002 0.17101007165000001 2 0.98480775300000001 0.17364817769999999 2
COORD 0.85286853195000001 0.49240387650000006 2 0.86602540380000004 0.5 2
COORD 0.63302222154999999 0.75440650675000009 2 0.64278760970000004 0.76604444309999997 2
COORD 0.33682408884999998 0.92541657840000002 2 0.34202014330000002 0.93969262080000004 2
COORD 0 0.98480775300000001 2 6.1232339960000003e-17 1 2
COORD -0.33682408884999998 0.92541657840000002 2 -0.34202014330000002 0.93969262080000004 2
COORD -0.63302222154999999 0.75440650675000009 2 -0.64278760970000004 0.76604444309999997 2
COORD -0.85286853195000001 0.49240387650000006 2 -0.86602540380000004 0.5 2
COORD -0.96984631040000002 0.17101007165000073 2 -0.98480775300000001 0.17364817769999999 2
COORD -0.96984631040000002 -0.17101007164999929 2 -0.98480775300000001 -0.17364817769999999 2
COORD -0.85286853195000001 -0.49240387650000006 2 -0.86602540380000004 -0.5 2
COORD -0.63302222154999999 -0.75440650675000009 2 -0.64278760970000004 -0.76604444309999997 2
COORD -0.33682408884999998 -0.92541657840000002 2 -0.34202014330000002 -0.93969262080000004 2
COORD 0 -0.98480775300000001 2 -5.5127675379999997e-15 -1 2
COORD 0.33682408884999998 -0.92541657840000002 2 0.34202014330000002 -0.93969262080000004 2
COORD 0.63302222154999999 -0.75440650675000009 2 0.64278760970000004 -0.76604444309999997 2
COORD 0.85286853195000001 -0.49240387650000006 2 0.86602540380000004 -0.5 2
COORD 0.96984631040000002 -0.17101007165000001 2 0.98480775300000001 -0.17364817769999999 2
COORD 1.0976980973999999 0.33924245095000005 0 1.0976980970000001 0.339242451 0
COORD 1.0976980973999999 -0.33924245095000005 0 1.0976980970000001 -0.339242451 0
COORD 1.0327628229000001 0.49601007165 0 1.0327628230000001 0.4960100717 0
COORD 0.94593873404999995 0.64639380484999998 0 0.94593873399999995 0.64639380479999997 0
COORD 0.70961940774999999 0.89263210965000006 0 0.70961940779999999 0.89263210969999995 0
COORD 0.41823237930000001 1.0608644889000001 0 0.41823237930000001 1.0608644890000001 0
COORD 0.25505646814999999 1.1202556635000001 0 0.2550564682 1.1202556640000001 0
COORD 0.08682408884999801 1.1424038765 0 0.086824088830000007 1.142403877 0
COORD -0.086824088850001979 1.1424038765 0 -0.086824088830000007 1.142403877 0
COORD -0.25505646814999999 1.1202556635000001 0 -0.2550564682 1.1202556640000001 0
COORD -0.41823237930000001 1.0608644889000001 0 -0.41823237930000001 1.0608644890000001 0
COORD -0.70961940774999999 0.89263210965000006 0 -0.70961940779999999 0.89263210969999995 0
COORD -0.94593873404999995 0.64639380484999998 0 -0.94593873399999995 0.64639380479999997 0
COORD -1.0327628229000001 0.49601007165 0 -1.0327628230000001 0.4960100717 0
COORD -1.0976980973999999 0.33924245095000005 0 -1.0976980970000001 0.339242451 0
COORD -1.0976980973999999 -0.33924245095000005 0 -1.0976980970000001 -0.339242451 0
COORD -1.0327628229000001 -0.49601007165 0 -1.0327628230000001 -0.4960100717 0
COORD -0.94593873404999995 -0.64639380484999998 0 -0.94593873399999995 -0.64639380479999997 0
COORD -0.70961940774999999 -0.89263210965000006 0 -0.70961940779999999 -0.89263210969999995 0
COORD -0.41823237930000001 -1.0608644889000001 0 -0.41823237930000001 -1.0608644890000001 0
COORD -0.25505646814999999 -1.1202556635000001 0 -0.2550564682 -1.1202556640000001 0
COORD -0.086824088849998954 -1.1424038765 0 -0.086824088830000007 -1.142403877 0
COORD 0.086824088850001035 -1.1424038765 0 0.086824088830000007 -1.142403877 0
COORD 0.25505646814999999 -1.1202556635000001 0 0.2550564682 -1.1202556640000001 0
COORD 0.41823237930000001 -1.0608644889000001 0 0.41823237930000001 -1.0608644890000001 0
COORD 0.70961940774999999 -0.89263210965000006 0 0.70961940779999999 -0.89263210969999995 0
COORD 0.94593873404999995 -0.64639380484999998 0 0.94593873399999995 -0.64639380479999997 0
COORD 1.0327628229000001 -0.49601007165 0 1.0327628230000001 -0.4960100717 0
COORD 1.2681297324999998 0.28023305949999999 0.1122677518 1.2693758399999999 0.28050842599999998 0.1122677518
COORD 1.2902779455 0.11200068019999999 0.1122677518 1.2951298499999999 0.1124218427 0.1122677518
COORD 1.288489328 -0.12178414395000001 0.12148759945 1.2942318669999999 -0.1223269115 0.1214875995
COORD 1.2663411149999999 -0.29001652325000005 0.12148759945 1.2671926680000001 -0.29021154529999998 0.1214875995
COORD 1.2902779455 0.11200068019999999 0.27893441845 1.2951298499999999 0.1124218427 0.2789344185
COORD 1.288489328 -0.12178414395000001 0.2881542661 1.2942318669999999 -0.1223269115 0.2881542661
COORD 1.2880362255 -0.1241361153 1.8758902470000001 1.2940042860000001 -0.1247112947 1.8758902470000001
COORD 1.2880362255 -0.1241361153 1.7092235805 1.2940042860000001 -0.1247112947 1.70922358
COORD 1.2902644895000002 0.11207757805 1.7212519049999999 1.2951230970000001 0.11249961629999999 1.7212519049999999
COORD 1.2902644895000002 0.11207757805 1.8879185715 1.2951230970000001 0.11249961629999999 1.8879185709999999
COORD 1.2681162765 0.28030995735000003 1.8879185715 1.269358993 0.2805846528 1.8879185709999999
COORD 1.2658880125 -0.29236849460000003 1.8758902470000001 1.26665581 -0.2925458245 1.8758902470000001
COORD 1.1660167989999999 0.56742533805000006 0.13931071265 1.168937017 0.56884642029999999 0.13931071270000001
COORD 1.2309520735000001 0.41065771735000001 0.13931071265 1.233185956 0.41140296259999998 0.13931071270000001
COORD 1.243378232 0.35442601824999997 0.25157846444999998 1.250199992 0.35637056659999999 0.25157846449999999
COORD 0.98551001775000002 0.84163912730000001 0.15358102800000001 0.98856042160000002 0.84424421400000005 0.15358102800000001
COORD 1.0888071225 0.70701971955000009 0.15358102800000001 1.090299133 0.7079885601 0.15358102800000001
COORD 1.1289908965 0.62444505760000002 0.29289174065000001 1.137588254 0.62920025749999997 0.29289174060000001
COORD 0.72526513995000008 1.0750569405000001 0.16743262349999999 0.72704039369999995 1.0776883900000001 0.16743262349999999
COORD 0.8598845477 0.97175983575000002 0.16743262349999999 0.86148702430000001 0.97357080230000004 0.16743262349999999
COORD 0.92615574995000005 0.89416014755000006 0.3210136515 0.93525176939999999 0.90294192939999995 0.3210136515
COORD 0.41697661035 1.2283734829999999 0.14684544475 0.41787130490000002 1.2310091679999999 0.1468454448
COORD 0.57374423105000005 1.1634382085000001 0.14684544475 0.57497529729999997 1.1659345640000001 0.1468454448
COORD 0.649009371 1.1126621240000001 0.31427806824999999 0.65499955129999998 1.122931693 0.31427806829999999
COORD 0.084574955099998017 1.294474264 0.14290297545 0.084755275879999994 1.29723419 0.1429029755
COORD 0.25280733440000003 1.2723260509999998 0.14290297545 0.25335322199999999 1.275073388 0.1429029755
COORD 0.33331918615 1.24499596 0.28974842020000002 0.3362045628 1.255773265 0.28974842020000002
COORD -0.25307440425 1.2722909470000001 0.14684544475 -0.25361741859999998 1.2750208649999999 0.1468454448
COORD -0.084842024950001982 1.29443916 0.14684544475 -0.085024067999999994 1.2972166000000001 0.1468454448
COORD -0.00026706984999999572 1.288913424 0.28974842020000002 -0.0002693670322 1.2999999719999999 0.28974842020000002
COORD -0.56902162644999998 1.1653726899999999 0.14949325420000001 -0.57039372060000004 1.168182778 0.14949325420000001
COORD -0.41225400575000004 1.2303079645000001 0.14949325420000001 -0.41303547340000002 1.2326401330000001 0.14949325420000001
COORD -0.32886365140000001 1.2468953375 0.29633869894999998 -0.33153261080000002 1.2570147679999999 0.29633869889999997
COORD -0.86104838900000003 0.97084809724999999 0.16668358205 -0.86259367389999997 0.97259043479999996 0.166683582
COORD -0.72642898124999999 1.074145202 0.16668358205 -0.72826553940000005 1.0768608559999999 0.166683582
COORD -0.64545060769999996 1.1136848669999999 0.31617683625000004 -0.65186573889999999 1.124753777 0.31617683619999998
COORD -1.0907303289999999 0.70435810899999995 0.15310269625 -1.0920839959999999 0.70523226309999998 0.1531026962
COORD -0.98743322425000002 0.83897751674999999 0.15310269625 -0.9906897844 0.841744469 0.1531026962
COORD -0.92924279774999996 0.8905867985 0.3197862783 -0.93855315650000004 0.89950985120000004 0.3197862783
COORD -1.2346645509999998 0.40120935185000001 0.14882548500000001 -1.236360957 0.40176060600000002 0.14882548500000001
COORD -1.1697292765 0.55797697255000001 0.14882548500000001 -1.173343435 0.55970097620000003 0.14882548500000001
COORD -1.1346265805 0.61233508154999994 0.30192818124999998 -1.144030119 0.61740998189999996 0.30192818119999998
COORD -1.2949878415 0.080564783549997493 0.14774517014999999 -1.2974915010000001 0.080720543120000002 0.1477451702
COORD -1.2728396284999999 0.24879716285000003 0.14774517014999999 -1.2758551359999999 0.24938659269999999 0.1477451702
COORD -1.2518006054999999 0.31354175610000001 0.29657065515000003 -1.261044896 0.31585719769999998 0.29657065510000002
COORD -1.2722909470000001 -0.25307440425 0.14684544475 -1.2750208649999999 -0.25361741859999998 0.1468454448
COORD -1.29443916 -0.084842024950002509 0.14684544475 -1.2972166000000001 -0.085024067999999994 0.1468454448
COORD -1.2894270015 -0.0042772413999999925 0.29459061489999999 -1.299992848 -0.0043122900459999997 0.29459061489999999
COORD -1.1640272144999999 -0.57231745609999995 0.1467053703 -1.166616447 -0.57359050430000003 0.1467053703
COORD -1.2289624890000002 -0.41554983540000001 0.1467053703 -1.2315044660000001 -0.41640935550000002 0.1467053703
COORD -1.2455498620000001 -0.33215948104999998 0.29355081505000002 -1.256102195 -0.33497354540000002 0.29355081509999997
COORD -0.98228934025000003 -0.84603387624999993 0.1519179417 -0.98501335599999995 -0.84838003780000004 0.1519179417
COORD -1.0855864450000001 -0.71141446850000001 0.1519179417 -1.087322246 -0.71255198630000005 0.1519179417
COORD -1.1237806345000001 -0.63373192459999994 0.29862331200000003 -1.1323563459999999 -0.63856801249999995 0.29862331199999997
COORD -0.71917926585000003 -1.0797556619999999 0.1659659741 -0.720653828 -1.0819695279999999 0.1659659741
COORD -0.85379867360000006 -0.97645855724999997 0.1659659741 -0.85571389720000002 -0.97864892889999999 0.1659659741
COORD -0.91684919835000001 -0.90325361799999992 0.31788391579999997 -0.9260793973 -0.91234694599999999 0.31788391580000003
COORD -0.40246301265000001 -1.2341817389999998 0.15193114545 -0.40303804529999998 -1.2359451180000001 0.1519311455
COORD -0.55923063335000001 -1.1692464645 0.15193114545 -0.56091320899999997 -1.1727644150000001 0.1519311455
COORD -0.62840989920000001 -1.1231691014999998 0.31789711955 -0.63475003350000003 -1.1345009450000001 0.31789711949999999
COORD -0.081861575649998963 -1.2948245360000001 0.14659973665000001 -0.082025014450000003 -1.297409687 0.1465997366
COORD -0.25009395495000003 -1.272676323 0.14659973665000001 -0.25066922530000002 -1.2756037549999999 0.1465997366
COORD -0.31609220900000001 -1.2511544880000001 0.29853088210000001 -0.31842757040000003 -1.2603983030000001 0.29853088210000001
COORD 0.25391736935000003 -1.2721794074999999 0.1442872278 0.2544513383 -1.274854704 0.1442872278
COORD 0.085684990050001048 -1.2943276205000001 0.1442872278 0.085872541669999997 -1.29716071 0.1442872278
COORD 0.0038234144000000025 -1.2891521565000001 0.29088696445000001 0.0038555703860000002 -1.299994283 0.2908869644
COORD 0.57228166260000002 -1.1640419399999999 0.14384979445000001 0.57355577099999999 -1.166633523 0.14384979449999999
COORD 0.41551404190000002 -1.2289772145 0.14384979445000001 0.41637269040000002 -1.231516863 0.14384979449999999
COORD 0.33296665265000003 -1.2454530479999999 0.28813702225000004 0.33575768239999998 -1.255892821 0.28813702219999998
COORD 0.85266486249999995 -0.97732132075 0.1465941627 0.85464082809999997 -0.97958616509999996 0.1465941627
COORD 0.71804545475000003 -1.0806184255 0.1465941627 0.71946760529999998 -1.082758683 0.1465941627
COORD 0.64032711735000003 -1.1188273405 0.29044395715000004 0.64573856929999995 -1.128282633 0.29044395719999999
COORD 1.0670174805000001 -0.73534401935000004 0.14722382665 1.070425105 -0.73769241220000004 0.1472238266
COORD 0.96372037575000002 -0.86996342709999996 0.14722382665 0.96497928799999999 -0.87109986439999998 0.1472238266
COORD 0.89714642275000012 -0.92804593234999999 0.29381798935000003 0.90354713259999997 -0.93466709540000004 0.29381798939999998
COORD 1.2231277564999998 -0.42928126329999999 0.15475170939999999 1.2266443709999999 -0.43051548979999998 0.15475170939999999
COORD 1.158192482 -0.58604888399999999 0.15475170939999999 1.159956711 -0.58694158900000004 0.15475170939999999
COORD 1.0993769375 -0.6713929033499999 0.30197553604999999 1.1094677500000001 -0.67755539379999996 0.30197553599999999
COORD 1.2337652975 -0.38283302794999996 0.27623930884999998 1.24160037 -0.38526422310000003 0.27623930880000003
COORD 1.2839743590000001 -0.14344515385000001 0.58333333334999993 1.291962332 -0.1443375673 0.58333333330000003
COORD 1.2839743590000001 -0.14344515385000001 0.41666666664999996 1.291962332 -0.1443375673 0.41666666670000002
COORD 1.2839743590000001 0.14344515385000001 0.41666666664999996 1.291962332 0.1443375673 0.41666666670000002
COORD 1.2839743590000001 0.14344515385000001 0.58333333334999993 1.291962332 0.1443375673 0.58333333330000003
COORD 1.2724636870000001 -0.26522929780000004 0.37148759944999998 1.27264804 -0.26526772389999997 0.37148759949999999
COORD 1.2742523045 0.25544583404999999 0.36226775179999998 1.27464022 0.2555235984 0.36226775179999998
COORD 1.2839743590000001 -0.14344515385000001 0.91666666665000007 1.291962332 -0.1443375673 0.91666666669999997
COORD 1.2839743590000001 -0.14344515385000001 0.75 1.291962332 -0.1443375673 0.75
COORD 1.2839000700000001 0.14377308955000001 0.75047441679999993 1.2919249559999999 0.14467172850000001 0.75047441680000004
COORD 1.2839000700000001 0.14377308955000001 0.91714108345000001 1.2919249559999999 0.14467172850000001 0.9171410834
COORD 1.267948718 -0.28689030770000001 0.66666666665000007 1.267948718 -0.28689030770000001 0.66666666669999997
COORD 1.2678744289999999 0.28721824340000002 0.66714108345000001 1.2678744710000001 0.28721825299999998 0.6671410834
COORD 1.2839176050000001 0.14369575540000001 1.0831827445 1.291933778 0.14459292360000001 1.0831827439999999
COORD 1.2839176050000001 0.14369575540000001 1.249849411 1.291933778 0.14459292360000001 1.249849411
COORD 1.2839743590000001 -0.14344515385000001 1.25 1.291962332 -0.1443375673 1.25
COORD 1.2839743590000001 -0.14344515385000001 1.0833333335000002 1.291962332 -0.1443375673 1.0833333329999999
COORD 1.2678176750000001 0.28746884495000002 1.00032382795 1.267817677 0.28746884550000001 1.000323828
COORD 1.267948718 -0.28689030770000001 1.00000000015 1.267948718 -0.28689030770000001 1
COORD 1.2839743590000001 0.14344515385000001 1.4166666664999998 1.291962332 0.1443375673 1.4166666670000001
COORD 1.2839743590000001 0.14344515385000001 1.5833333335000002 1.291962332 0.1443375673 1.5833333329999999
COORD 1.284897462 -0.13930259314999999 1.5760250505000002 1.2924266710000001 -0.1401188749 1.5760250499999999
COORD 1.284897462 -0.13930259314999999 1.4093583834999999 1.2924266710000001 -0.1401188749 1.4093583839999999
COORD 1.2678919639999999 0.28714090925000002 1.3331827445 1.267891989 0.28714091479999998 1.3331827439999999
COORD 1.2688718209999998 -0.28274774699999999 1.3260250505000002 1.268878583 -0.2827492539 1.3260250499999999
COORD 1.2742388485 0.25552273190000002 1.6379185715 1.274624873 0.25560014130000003 1.6379185709999999
COORD 1.2729336875000001 -0.26343870845 1.6185819640000001 1.273024036 -0.26345740629999997 1.6185819640000001
COORD 1.2308554539999998 0.41089794645 1.861527937 1.233103989 0.41164857760000001 1.861527937
COORD 1.1659201795 0.56766556715000005 1.861527937 1.1688236919999999 0.56907923530000004 1.861527937
COORD 1.2432681565000001 0.3547431452 1.7494465084999999 1.250107568 0.35669464239999998 1.7494465079999999
COORD 1.0878219444999999 0.70837225689999994 1.8501495750000001 1.0893869389999999 0.70939135639999995 1.8501495750000001
COORD 0.98452483974999994 0.84299166464999997 1.8501495750000001 0.98747293039999995 0.84551594409999997 1.8501495750000001
COORD 1.127909099 0.62603782404999997 1.7116775120000001 1.1366517970000001 0.63089039570000005 1.7116775120000001
COORD 0.86009439840000002 0.97159575674999998 1.8294734639999999 0.86168649959999999 0.97339425540000002 1.8294734640000001
COORD 0.72547499064999998 1.0748928615 1.8294734639999999 0.72726120640000003 1.0775393900000001 1.8294734640000001
COORD 0.92538042264999998 0.89534860589999998 1.679623039 0.93427401730000004 0.90395357220000006 1.679623039
COORD 0.56526295405000004 1.1668815054999999 1.8499122730000002 0.56675143139999995 1.169954194 1.8499122729999999
COORD 0.40849533334999999 1.2318167799999999 1.8499122730000002 0.40919312839999999 1.2339209799999999 1.8499122729999999
COORD 0.64073794470000001 1.1159413419999999 1.679385737 0.64730751919999996 1.1273832429999999 1.679385737
COORD 0.25307440425 1.2722909470000001 1.8531545550000001 0.25361741859999998 1.2750208649999999 1.8531545549999999
COORD 0.084842024949998013 1.29443916 1.8531545550000001 0.085024067999999994 1.2972166000000001 1.8531545549999999
COORD 0.32510497900000002 1.2484041530000001 1.7030668280000001 0.32761472120000001 1.2580415709999999 1.7030668280000001
COORD -0.11336666310000199 1.2900374985 1.8412553439999999 -0.11380356649999999 1.2950091690000001 1.8412553439999999
COORD -0.2815990424 1.2678892854999999 1.8412553439999999 -0.28186257689999999 1.26907584 1.8412553439999999
COORD -0.028524638150000003 1.2844766585 1.6944098990000001 -0.02886225224 1.2996795649999999 1.6944098990000001
COORD -0.41697661035 1.2283734829999999 1.8864138719999999 -0.41787130490000002 1.2310091679999999 1.8864138720000001
COORD -0.57374423105000005 1.1634382085000001 1.8864138719999999 -0.57497529729999997 1.1659345640000001 1.8864138720000001
COORD -0.36211089414999997 1.2405591945000001 1.727669216 -0.36426061869999998 1.247923957 1.727669216
COORD -0.72151077755000004 1.0779691345 1.844179912 -0.72309664230000004 1.0803384869999999 1.844179912
COORD -0.85613018530000007 0.97467202975 1.844179912 -0.85792291929999998 0.97671298989999999 1.844179912
COORD -0.64525500859999996 1.1155743180000002 1.7305937839999999 -0.65089091919999997 1.125318182 1.7305937840000001
COORD -0.97247391024999996 0.85896920315000003 1.8843739400000001 -0.97433974189999994 0.86061725950000001 1.8843739399999999
COORD -1.0757710149999999 0.7243497954 1.8843739400000001 -1.078337224 0.72607770309999997 1.8843739399999999
COORD -0.90936528005000006 0.91440241740000006 1.7285538520000001 -0.9166964366 0.92177418229999997 1.7285538519999999
COORD -1.1602740895000001 0.58124973224999998 1.8509450295000001 -1.1623091510000001 0.58226921450000002 1.8509450300000001
COORD -1.2252093639999999 0.42448211154999999 1.8509450295000001 -1.228366818 0.42557603300000002 1.8509450300000001
COORD -1.1102120795000001 0.65559952764999996 1.7353189695 -1.119396485 0.66102307839999996 1.73531897
COORD -1.2722909470000001 0.25307440425 1.8841889630000002 -1.2750208649999999 0.25361741859999998 1.8841889629999999
COORD -1.29443916 0.084842024949997485 1.8841889630000002 -1.2972166000000001 0.085024067999999994 1.8841889629999999
COORD -1.241796737 0.34109175719999996 1.7351339925 -1.2535707949999999 0.34432580829999998 1.735133993
COORD -1.2948936634999999 -0.081315205250002506 1.8725453669999998 -1.2974443200000001 -0.081475378350000002 1.8725453670000001
COORD -1.2727454505 -0.24954758455000001 1.8725453669999998 -1.2757098330000001 -0.25012881190000003 1.8725453670000001
COORD -1.2893328235000001 0.0035268197000000029 1.75673433 -1.299995137 0.0035559851979999999 1.75673433
COORD -1.2287693325 -0.41601878640000001 1.854242883 -1.231341917 -0.41688977440000002 1.854242883
COORD -1.1638340579999999 -0.57278640709999995 1.854242883 -1.166392581 -0.57404559629999996 1.854242883
COORD -1.245811209 -0.32910161235000002 1.7267882499999998 -1.256884334 -0.33202676129999997 1.72678825
COORD -1.084258092 -0.71320478825 1.8480232559999998 -1.086098732 -0.71441552689999999 1.8480232560000001
COORD -0.98096098725000003 -0.84782419599999992 1.8480232559999998 -0.98355706809999999 -0.85006793479999998 1.8480232560000001
COORD -1.122259125 -0.63599119534999993 1.7022661389999998 -1.131009666 -0.64095018130000003 1.702266139
COORD -0.85340201380000003 -0.97676083825000004 1.830137382 -0.85533840100000003 -0.97897712930000003 1.830137382
COORD -0.71878260604999999 -1.0800579429999999 1.830137382 -0.72023870550000002 -1.0822459090000001 1.830137382
COORD -0.91512418555000008 -0.9053462187500001 1.678160638 -0.92416282790000004 -0.91428828470000001 1.678160638
COORD -0.56160380570000001 -1.1683243415 1.8472403559999999 -0.5632089723 -1.171663626 1.8472403559999999
COORD -0.40483618500000002 -1.233259616 1.8472403559999999 -0.40545784979999999 -1.2351534040000001 1.8472403559999999
COORD -0.63038641174999999 -1.1225492595 1.6773777380000001 -0.63653592599999997 -1.133499896 1.6773777379999999
COORD -0.24405996785 -1.2734136949999999 1.8520801945000001 -0.24470168840000001 -1.2767619530000001 1.852080194
COORD -0.075827588549998964 -1.295561908 1.8520801945000001 -0.075957355439999999 -1.2977790570000001 1.852080194
COORD -0.31243139424999999 -1.2509697370000001 1.6993205505 -0.3150011526 -1.2612590029999999 1.6993205499999999
COORD 0.086333244300001041 -1.2942410815000001 1.855987791 0.086525107439999999 -1.297117345 1.855987791
COORD 0.25456562360000001 -1.2720928685000001 1.855987791 0.255092661 -1.2747265329999999 1.855987791
COORD 0.010505655749999995 -1.2898029895000001 1.7080679855000001 0.01058836086 -1.299956879 1.708067985
COORD 0.41891487835000002 -1.2275669565 1.853725311 0.41985871969999999 -1.2303327420000001 1.853725311
COORD 0.57568249905000002 -1.162631682 1.853725311 0.57685741810000002 -1.1650045149999999 1.853725311
COORD 0.33701574335000001 -1.2439562510000002 1.709713102 0.33994436030000003 -1.2547660469999999 1.709713102
COORD 0.73571774670000001 -1.0667130315 1.8388969369999999 0.73808927400000002 -1.070151496 1.8388969369999999
COORD 0.87033715445000004 -0.96341592674999998 1.8388969369999999 0.87145761779999997 -0.96465621879999996 1.8388969369999999
COORD 0.66140024575 -1.1035116885 1.6926222480000002 0.66831928939999996 -1.1150557510000001 1.6926222479999999
COORD 0.97529907874999999 -0.8553143366 1.885739351 0.97739174969999998 -0.85714955960000005 1.885739351
COORD 1.0785961835 -0.72069492884999997 1.885739351 1.080910496 -0.72224130289999999 1.885739351
COORD 0.92639741770000006 -0.89949144785000001 1.7246362880000001 0.93268329549999995 -0.90559476049999998 1.7246362879999999
COORD 1.1612413779999999 -0.57898298274999993 1.8504784784999999 1.163410914 -0.58006469100000002 1.850478479
COORD 1.2261766525 -0.42221536204999999 1.8504784784999999 1.2291714069999999 -0.42324656059999999 1.850478479
COORD 1.1140045365 -0.64967791159999999 1.7362178295000001 1.1229819160000001 -0.65491344230000004 1.73621783
COORD 1.236361091 -0.37811909804999999 1.7263687255 1.2431608730000001 -0.38019869070000001 1.726368726
COORD -0.22412796974999999 -1.2790644535 0.45533955714999996 -0.22437776400000001 -1.2804899919999999 0.45533955710000001
COORD -0.37649702745000002 -1.2405698694999998 0.46067096595000001 -0.37753010199999998 -1.243973883 0.46067096590000001
COORD 0.090557019869500002 -1.2943093614999999 0.40925830200000002 0.090733361710000002 -1.2968297719999999 0.40925830200000002
COORD -0.076989545830500009 -1.2948062769999999 0.41157081085000002 -0.077162082189999995 -1.297707985 0.41157081080000002
COORD -0.1373943642805 -1.2842216584999999 0.57371089470000003 -0.13829322590000001 -1.2926232950000001 0.57371089470000003
COORD -1.2289624890000002 -0.41554983540000001 0.41093675225000004 -1.2315044660000001 -0.41640935550000002 0.41093675229999999
COORD -1.2722909470000001 -0.25307440425 0.41107682670000001 -1.2750208649999999 -0.25361741859999998 0.41107682670000001
COORD -1.0954400025000002 -0.69371635104999996 0.46073658405000001 -1.0982930390000001 -0.69552311209999995 0.460736584
COORD -1.173880772 -0.55461933865000002 0.45552401264999998 -1.1754123519999999 -0.55534295909999998 0.45552401269999998
COORD -1.200621857 -0.47553426185000003 0.57305002430000007 -1.208649316 -0.47871372420000002 0.57305002429999996
COORD -0.90087476355000007 0.9250733162 1.5685407709999999 -0.90697687149999995 0.9313393338 1.5685407709999999
COORD -1.0172184885 0.80937048960000002 1.608734799 -1.0172744570000001 0.80941502229999995 1.608734799
COORD -1.1017215629999999 0.6662704264499999 1.5753058885 -1.1124009669999999 0.67272883770000003 1.575305889
COORD 0.70834400085000004 -1.086109185 0.41042248469999998 0.71015650180000001 -1.0888883060000001 0.41042248469999998
COORD 0.56258020870000003 -1.1695326994999999 0.40767811645000002 0.56353080560000002 -1.171508869 0.40767811640000001
COORD 0.94047458745000001 -0.89208883174999998 0.45504093065000001 0.94318106560000003 -0.89465606649999996 0.4550409306
COORD 0.82941907420000005 -0.99944672540000001 0.45441126669999998 0.83019811710000002 -1.000385469 0.45441126669999998
COORD 0.75167216555000005 -1.0501520844000001 0.57164542600000001 0.75665145629999997 -1.057108591 0.57164542600000001
COORD 0.55080181215000001 1.1760746630000001 0.42173350575000002 0.55136745789999997 1.177282433 0.42173350580000002
COORD 0.70232272105000004 1.0876933950000001 0.44232068450000001 0.70517966119999997 1.092117963 0.44232068450000001
COORD 0.89049364575000001 0.9389612477 0.44687302954999997 0.8945716118 0.94326116820000006 0.44687302960000003
COORD 1.0161191158 0.80884053924999999 0.43302143404999999 1.017106286 0.80962633579999999 0.43302143399999998
COORD 0.80485648224999995 1.0208700670000002 0.50933354674999998 0.80486370929999995 1.0208792339999999 0.50933354669999997
COORD 0.70664892339999996 1.0842826059999999 0.61678898425000006 0.70980142160000004 1.0891198010000001 0.61678898419999995
COORD 0.89481984810000004 0.93555045870000009 0.62134132929999997 0.89856085779999995 0.93946175269999999 0.62134132929999997
COORD -0.38853878654999996 1.228918049 1.591106704 -0.3918921051 1.239524335 1.591106704
COORD -0.25224691845000002 1.2750274785 1.504545856 -0.25229741439999998 1.2752827200000001 1.504545856
COORD -0.41405237880000001 1.2238705304999999 1.413141872 -0.41661187199999999 1.2314359699999999 1.413141872
COORD -0.52391635449999996 1.1894022465 1.636265232 -0.52404566860000001 1.189695817 1.636265232
COORD -0.114894430918 1.290035703 1.5677021355 -0.1153253915 1.2948745319999999 1.567702135
COORD -0.140408023168 1.2849881845 1.3897373035 -0.14120786020000001 1.2923081439999999 1.389737303
COORD 0.083314257131999997 1.2944373645 1.5796013465000001 0.083499511479999997 1.297315625 1.5796013470000001
COORD -0.78543811619999993 -1.0358956705 1.482642107 -0.78543977200000004 -1.0358978539999999 1.482642107
COORD -0.87611662054999995 -0.95286370264999998 1.5479637579999999 -0.87989170480000001 -0.95696948120000003 1.5479637580000001
COORD -0.87398952465000002 -0.95447651215000007 1.3703311010000001 -0.87792482409999995 -0.95877421910000005 1.3703311010000001
COORD -0.678986427 -1.1017987874999999 1.368700649 -0.68202332190000003 -1.10672679 1.368700649
COORD -0.68111352290000005 -1.1001859780000001 1.546333306 -0.68429441899999999 -1.1053240010000001 1.546333306
COORD -0.52393472254999995 -1.1884523764999999 1.5634362799999999 -0.52441177500000002 -1.189534485 1.5634362799999999
COORD -1.0036755940000002 -0.82392706039999997 1.5658496319999999 -1.004799786 -0.82484992030000004 1.5658496319999999
COORD -0.063867573460000007 -1.2954518665000001 1.5823873750000002 -0.064014052830000001 -1.298422967 1.5823873749999999
COORD 0.098293259389999998 -1.2941310399999999 1.5862949715000001 0.098455445030000005 -1.296266379 1.5862949719999999
COORD 0.25439882935000002 -1.2721375369999999 1.5486975905 0.25492334370000003 -1.274760404 1.54869759
COORD 0.41874808409999997 -1.227611625 1.5464351105 0.41969529760000002 -1.2303884979999999 1.54643511
COORD 0.18002560013999999 -1.2777864139999999 1.4230169799999999 0.18136408370000001 -1.2872867079999999 1.4230169800000001
COORD -1.2811809135000001 -0.2141253541 1.6089853024999998 -1.2822153730000001 -0.21429824459999999 1.608985302
COORD -1.2372047954999998 -0.38059655594999997 1.5906828184999999 -1.2425358129999999 -0.3822365163 1.5906828180000001
COORD -1.2948398724999999 -0.07295305635999999 1.6534075159999999 -1.297941572 -0.073127810360000003 1.6534075159999999
COORD -1.286233459 -0.12444799996 1.5173020844999998 -1.293957545 -0.1251953348 1.517302084
COORD -1.294385369 0.093204173840000001 1.665051112 -1.2966428400000001 0.093366726450000007 1.665051112
COORD -1.2949466269999999 0.073245154904999998 0.45560581514999998 -1.2979254360000001 0.073413643170000001 0.45560581509999998
COORD -1.2943979455000001 -0.092161653595000004 0.45470608974999999 -1.2967173030000001 -0.092326792749999997 0.45470608969999998
COORD -1.281936924 0.14467916255500002 0.57791336915000002 -1.2917989919999999 0.14579219369999999 0.57791336920000003
COORD -1.2769659799999999 0.23256357475 0.41779789429999997 -1.2789624429999999 0.23292717460000001 0.41779789429999997
COORD -1.2387909024999999 0.38497576374999998 0.41887820914999996 -1.241434801 0.3857974012 0.41887820910000001
COORD -1.0205439811000001 0.80328851000000001 0.43105955875000002 -1.021516866 0.80405428479999996 0.43105955870000001
COORD -0.89415914585 0.93515909050000001 0.44464044455000001 -0.89841057950000003 0.93960546540000001 0.44464044450000001
COORD -0.7037589448499999 1.0866386244999999 0.44225241949999999 -0.70667947809999998 1.091148072 0.44225241949999999
COORD -0.54635159005 1.1778661125000001 0.42506209164999997 -0.5470206205 1.179308459 0.42506209169999998
COORD -0.80899019770000002 1.0175821775 0.50628711520000003 -0.80900488719999997 1.0176006550000001 0.50628711520000003
COORD -0.70989118004999996 1.0817634229999999 0.61517237060000007 -0.71324209100000002 1.0868696879999999 0.61517237059999996
COORD -0.90029138104999995 0.93028388900000003 0.61756039564999998 -0.90405648949999995 0.93417442900000003 0.61756039569999999
COORD 0.39352207189999999 1.2356386769999999 1.535065253 0.39449637840000001 1.238697948 1.535065253
COORD 0.2381011428 1.276112844 1.5383075349999999 0.23844309920000001 1.277945573 1.5383075349999999
COORD 0.54049554730000005 1.1804720529999999 1.5696438965000001 0.5411925487 1.1819943420000001 1.5696438960000001
COORD 0.45349171109999997 1.2081807439999999 1.4048846035 0.45683485899999998 1.2170874709999999 1.404884603
COORD 0.70070758389999999 1.088483409 1.5492050874999999 0.70367274410000002 1.0930895060000001 1.549205087
COORD -0.083480662727500002 1.2944377345 0.40971514785000002 -0.083665573189999995 1.297304926 0.40971514790000002
COORD 0.085936317322499997 1.2944728384999999 0.40577267854999999 0.086113696010000004 1.2971447229999999 0.40577267849999998
COORD 0.24261497085 1.2749687949999999 0.44492895700000001 0.2430174007 1.2770836080000001 0.44492895700000001
COORD 0.40678424680000003 1.231016227 0.44887142629999999 0.40788698709999999 1.2343533550000001 0.44887142629999999
COORD 0.15940137797250001 1.2804931055 0.56489568464999995 0.1605901834 1.2900429419999999 0.56489568459999995
COORD -0.52408765530000001 -1.1881227905 0.42794618375000004 -0.52466173900000002 -1.1894242559999999 0.42794618369999998
COORD -0.68403628780000003 -1.0986319879999999 0.44198101239999998 -0.68711325469999995 -1.1035739099999999 0.44198101239999998
COORD -0.87687330029999999 -0.95216255699999996 0.44210935939999996 -0.88065407559999997 -0.95626795360000005 0.44210935940000001
COORD -1.0053639669500001 -0.82173787600000003 0.42806132699999999 -1.006552925 -0.82270967500000003 0.42806132699999999
COORD -0.78640884095000008 -1.0351594755 0.50444122574999994 -0.78641023580000002 -1.0351613120000001 0.50444122570000005
COORD -0.87492360954999993 -0.95364373349999998 0.61461863694999996 -0.87885141580000004 -0.95792493909999998 0.61461863699999997
COORD -0.68208659705000008 -1.1001131645 0.61449028994999999 -0.6850334924 -1.1048661070000001 0.61449028999999999
COORD 0.83595227485000001 -0.99540164109999996 1.498690565 0.83604116880000001 -0.9955074907 1.498690565
COORD 0.94979929614999992 -0.87544337475 1.4036010315 0.95589350920000005 -0.88106049679999998 1.403601031
COORD 0.9352825146999999 -0.88763477164999993 1.5827043404999999 0.94294398980000005 -0.89490593480000002 1.58270434
COORD 0.72618802950000005 -1.0721084940000001 1.5625188905 0.72904821389999996 -1.07633113 1.5625188910000001
COORD 0.74070481095000007 -1.0599170971 1.3834155815 0.74466607159999998 -1.0655854929999999 1.383415582
COORD 1.0402444389999999 -0.77953318149999995 1.6295467545 1.0403120079999999 -0.77958381590000003 1.6295467539999999
COORD 0.56615278185000006 -1.1680271444999999 1.5773472645000002 0.56702304449999996 -1.1698225790000001 1.577347265
COORD 1.2126835805 0.43955035775000001 1.273144496 1.2221922030000001 0.4429968614 1.273144496
COORD 1.2127403344999999 0.4392997562 1.4399617515000001 1.2222797379999999 0.44275528390000002 1.439961751
COORD 1.2192451984999999 0.42634679165 1.0860389879999999 1.2271378989999999 0.42910671859999999 1.0860389880000001
COORD 1.1640935689999998 0.57850563860000004 1.192817995 1.1641684459999999 0.57854284950000001 1.192817995
COORD 1.2192276634999999 0.4264241258 0.91999732695000003 1.2271117220000001 0.42918157060000001 0.91999732680000001
COORD 1.2264717035000001 -0.41074067725000002 1.0833333335000002 1.2327091109999999 -0.41282956129999998 1.0833333329999999
COORD 1.2264717035000001 -0.41074067725000002 0.91666666665000007 1.2327091109999999 -0.41282956129999998 0.91666666669999997
COORD 1.2276523925 -0.40602640649999999 1.4089031054999999 1.2342473679999999 -0.40820758909999999 1.4089031059999999
COORD 1.2267292895000002 -0.41016896720000001 1.249544722 1.232908098 -0.41223491229999998 1.249544722
COORD 1.1852522750000001 -0.53401933675000002 1.1662113884999998 1.1852524129999999 -0.53401939890000005 1.1662113890000001
COORD 1.1036714074999998 0.67922685924999993 1.5401113264999999 1.107135907 0.68135899820000001 1.540111327
COORD 1.1817696424999999 0.53852016950000003 1.5514896885 1.1829660019999999 0.53906533800000001 1.551489688
COORD 1.07415331 0.71667687935000002 1.4093894630000001 1.081398286 0.7215107395 1.4093894629999999
COORD 1.0202927664999999 0.80419453390000006 1.5695772864999999 1.0209798400000001 0.80473608500000005 1.5695772859999999
COORD 0.89586232514999997 0.93279862600000008 1.5489011754999999 0.90048785139999998 0.93761486199999999 1.5489011749999999
COORD 1.2269472134999999 -0.40968413214999999 0.75222716654999999 1.2330765539999999 -0.41173075120000002 0.7522271666
COORD 1.2269472134999999 -0.40968413214999999 0.58556049989999992 1.2330765539999999 -0.41173075120000002 0.58556049990000003
COORD 1.2292503285 -0.40449403784999999 0.40475170939999999 1.2348631539999999 -0.40634098000000002 0.40475170939999999
COORD 1.188248824 -0.52728786229999991 0.49031220929999997 1.1882601589999999 -0.52729289209999997 0.49031220930000002
COORD 1.2124536985000001 0.43985981955000003 0.56091464729999996 1.2220653180000001 0.44334676950000002 0.56091464729999996
COORD 1.2123794095 0.44018775525000003 0.72805573074999996 1.2219506060000001 0.44366284189999999 0.72805573079999997
COORD 1.2370746454999999 0.3858704919 0.38931071265 1.241028104 0.38710366169999999 0.38931071270000001
COORD 1.181579626 0.53884000375000007 0.45022535995000001 1.1828124360000001 0.53940220679999995 0.45022536000000002
COORD 1.1228896334999998 -0.63782123539999991 1.5942858819999999 1.1303731770000001 -0.64207202109999995 1.5942858820000001
COORD 1.1173196985 -0.65056206599999999 1.4100187919999998 1.1234407420000001 -0.65412605820000003 1.410018792
COORD 1.1910797959999999 -0.52070679610000004 1.516689867 1.191147937 -0.52073658570000003 1.516689867
COORD 1.2332223275 -0.39328557589999996 1.5931701954999999 1.2385430559999999 -0.39498240350000002 1.593170196
COORD 1.2369780260000001 0.38611072099999999 1.611527937 1.240950977 0.38735083920000002 1.611527937
COORD 1.0945163664999999 0.68666439454999995 1.0854049534999999 1.101224268 0.69087271679999995 1.0854049530000001
COORD 1.0879547485000001 0.69986796065000001 1.2725104615 1.0933178180000001 0.70331795760000004 1.2725104620000001
COORD 1.0045761074999999 0.82483563530000004 1.3019764215 1.0047167239999999 0.82495109249999998 1.301976421
COORD 1.0926848745 0.68896198769999994 0.92286589155000009 1.0996599520000001 0.69335992830000004 0.92286589139999997
COORD 1.016546054 0.81032430975000003 1.0025583580499999 1.0165486500000001 0.81032637949999997 1.0025583579999999
COORD 1.163806933 0.57906570195000007 0.81377089080000009 1.1638883170000001 0.57910619559999998 0.81377089059999996
COORD 1.0858366204999998 0.70272561715000004 0.73092429535000003 1.09138369 0.70631553859999996 0.73092429530000003
COORD 0.91314676815000007 0.91408540144999995 0.91890033850000008 0.91876648940000005 0.91971089910000003 0.91890033849999997
COORD 0.91497826015000006 0.91178780829999995 1.0814394004499999 0.92084286410000005 0.91763196309999995 1.0814394009999999
COORD 0.80995192280000006 1.0168449024999999 1.15826884495 0.80995295970000003 1.0168462039999999 1.158268845
COORD 0.91335120864999997 0.91308381080000012 1.2419268644999999 0.91937338599999996 0.91910422540000003 1.2419268649999999
COORD 0.89954977014999993 0.92989272950000013 1.378805866 0.90386809290000003 0.93435671480000004 1.378805866
COORD 0.91194862330000004 0.91504059045000008 0.76191057130000006 0.91768179640000003 0.92079320190000002 0.76191057129999995
COORD 0.81038082945000001 1.0165040890000001 0.8407916137 0.81038139239999996 1.0165047949999999 0.8407916137
COORD 1.0687078453000001 0.72323548540000004 0.59035505334999994 1.076634675 0.72859987439999996 0.59035505340000005
COORD 0.99758578679999999 0.83313177115000003 0.69945005409999994 0.99779660100000001 0.83330783210000003 0.69945005410000005
COORD 0.68985416690000001 1.0924172964999999 1.07581139945 0.69412356389999996 1.0991780920000001 1.075811399
COORD 0.68822711539999992 1.093713299 1.2362988635000001 0.6923638848 1.100287349 1.236298863
COORD 0.68821680740000002 1.0932100220000001 0.91186228105 0.69258474130000003 1.1001483430000001 0.911862281
COORD 0.566492 1.1700784184999999 0.98989229960000003 0.56649255460000003 1.1700795639999999 0.98989229950000002
COORD 0.68701866254999999 1.094165211 0.75487251384999998 0.69128752540000005 1.100963922 0.75487251379999998
COORD 0.58429727300000001 1.1611499064999999 1.2966523324999999 0.58435391179999996 1.1612624620000001 1.2966523320000001
COORD 0.70439502890000005 1.0855775125 1.3791097780000001 0.70761575219999995 1.090541126 1.3791097779999999
COORD 0.80463742630000001 1.0210468015 1.4888516185 0.80464267349999996 1.0210534600000001 1.4888516190000001
COORD 0.43033369975000002 1.2183839925 0.90428599209999994 0.43294868510000001 1.22578768 0.90428599210000005
COORD 0.43197105925000001 1.217591267 1.0682351105000001 0.43466357620000001 1.2251806300000001 1.06823511
COORD 0.30116549734999998 1.2646221044999999 1.1764673815 0.30116819509999998 1.2646334319999999 1.1764673809999999
COORD 0.43732379759999995 1.2163165304999999 1.2620736890000002 0.43984543149999999 1.2233298800000001 1.2620736889999999
COORD 0.44046733599999999 1.2159301029999998 0.71499757214999993 0.44276606000000002 1.222275835 0.71499757210000003
COORD 0.30594639525 1.2634429515000001 0.79334038304999999 0.30595623599999999 1.2634835900000001 0.79334038309999999
COORD 0.58448490134999997 1.1609885389999999 0.68785965159999995 0.58456844399999996 1.161154483 0.68785965159999995
COORD 0.46009759685000007 1.206047498 0.57691404255000001 0.46336634970000001 1.214615835 0.5769140425
COORD 0.14795273644929999 1.282948419 1.0719518415 0.14893209369999999 1.291440758 1.071951841
COORD 0.15330547479929998 1.2816736825000001 1.2657904200000001 0.1543969637 1.290798814 1.2657904200000001
COORD 0.15130432732249999 1.282939539 0.90018264754999999 0.15226113429999999 1.291052496 0.9001826476
COORD 0.0034443047718000002 1.299991117 0.98950568605 0.0034443162190000002 1.299995437 0.98950568579999998
COORD 0.16143796357250001 1.2804856495000001 0.71089422759999998 0.16261098669999999 1.2897897760000001 0.71089422759999998
COORD -0.0014814108687 1.2999982029999999 1.3070842315 -0.0014814119540000001 1.2999991559999999 1.3070842309999999
COORD 0.151731350032 1.2816718885 1.4115997715000002 0.1528338662 1.290984822 1.4115997709999999
COORD -0.1432296515275 1.2832370005 0.90465147525 -0.1442051872 1.291977114 0.9046514752
COORD -0.1465812424007 1.2832458805 1.0764206692 -0.1475356263 1.291601037 1.076420669
COORD -0.28550785470000001 1.268235862 1.1590737412000001 -0.28551318180000002 1.2682595249999999 1.159073741
COORD -0.13883389840070001 1.2849899785000001 1.2439279519999999 -0.13964294469999999 1.2924781809999999 1.2439279519999999
COORD -0.15183177247750002 1.28118343 0.7171431036 -0.15299111830000001 1.290966195 0.7171431036
COORD -0.30185731965000001 1.2644381935 0.80405808675000001 -0.30186430489999999 1.264467454 0.80405808680000002
COORD 0.0047593100450000004 1.2999896930000001 0.67173794914999996 0.0047593158849999996 1.299991288 0.67173794909999995
COORD -0.15386835807750002 1.2811908860000001 0.57114456065000008 -0.1550133773 1.2907249329999999 0.57114456069999997
COORD -0.44139592375000003 1.2148093984999999 0.71956834160000005 -0.44395243379999999 1.221845423 0.71956834160000005
COORD -0.43279380280000002 1.2168629690000001 0.90707671324999994 -0.43562999559999999 1.224837339 0.90707671329999995
COORD -0.57250277174999997 1.1671506075 0.99208985454999998 -0.57250277780000003 1.1671506199999999 0.99208985449999998
COORD -0.43296416765000001 1.2167794024999998 1.0765795997000001 -0.43580877610000002 1.224773739 1.0765796000000001
COORD -0.42521682365000002 1.2185235004999999 1.2440868825 -0.42831893989999997 1.227413087 1.2440868819999999
COORD -0.45755968390000001 1.2066022465000001 0.583843695 -0.46094743500000002 1.215535874 0.583843695
COORD -0.58849616704999996 1.1590270220000001 0.68686232150000004 -0.58855339259999995 1.159139726 0.68686232150000004
COORD -0.24007174525000002 1.2756314715000001 0.4551203023 -0.2404369395 1.2775719459999999 0.4551203023
COORD -0.39925134675000001 1.2336484890000001 0.45776811174999998 -0.40028415319999999 1.236839762 0.45776811169999998
COORD -0.69622254900000002 1.0879520885 0.90700444460000007 -0.70072211809999996 1.0949833390000001 0.90700444459999996
COORD -0.69639291385000002 1.0878685219999999 1.07650733105 -0.70088194150000005 1.094881046 1.076507331
COORD -0.69372741989999998 1.0899705750000002 0.75089701720000002 -0.69801675969999999 1.0967098989999999 0.75089701720000002
COORD -0.81761756199999991 1.0106884895000001 0.8353144937000001 -0.81762005360000001 1.010691569 0.83531449369999999
COORD -0.81651003344999995 1.0115779410000001 1.15848961655 -0.81651521159999996 1.011584356 1.1584896170000001
COORD -0.69279025620000001 1.0907764599999998 1.2435750264999998 -0.69697818600000006 1.0973702240000001 1.243575026
COORD -0.68162581135 1.0961234900000001 1.412630016 -0.68649722960000004 1.103957225 1.412630016
COORD -0.56150869174999996 1.1724140709999999 1.3306477305 -0.56153414999999995 1.1724672270000001 1.330647731
COORD -0.92065632355000004 0.90656337259999997 1.07078256755 -0.9263011551 0.91212179569999996 1.070782568
COORD -0.91705366590000004 0.90947131059999997 1.2378502629999999 -0.92304684910000001 0.91541494109999999 1.2378502629999999
COORD -0.92047136205000002 0.90679805710000005 0.91084413355000005 -0.92609147570000006 0.91233468569999998 0.91084413360000005
COORD -1.0210149945 0.80469142670000005 0.99020478000000001 -1.021015021 0.80469144800000003 0.99020478000000001
COORD -0.91797623294999997 0.90881654359999997 0.7547367061500001 -0.92383634150000005 0.91461817940000001 0.7547367062
COORD -1.0149639640000001 0.81224906529999996 1.2994324660000001 -1.0149938759999999 0.81227300319999995 1.2994324660000001
COORD -0.91081767390000001 0.91726363369999997 1.3871395149999999 -0.91599181220000003 0.92247438989999997 1.3871395150000001
COORD -0.80296446545000011 1.0222955615 1.5069585679999999 -0.80300244330000004 1.022343913 1.5069585679999999
COORD -0.67168290100000005 1.1039331725000001 1.5940312720000001 -0.67572811290000001 1.1105816120000001 1.5940312720000001
COORD -1.0991095424999999 0.67803292910000001 0.9100308290000001 -1.106410261 0.68253669100000003 0.91003082899999999
COORD -1.099294504 0.67779824459999993 1.0699692629999999 -1.1065671159999999 0.68228236009999998 1.0699692629999999
COORD -1.1783495799999999 0.54907840590000001 1.1595460420000001 -1.1783513830000001 0.54907924610000003 1.1595460420000001
COORD -1.100255032 0.67573690350000004 1.239719993 -1.107758968 0.68034555029999999 1.239719993
COORD -1.0940190400000001 0.68352922659999993 1.389009245 -1.102503166 0.6888300007 1.389009245
COORD -1.091555592 0.69362560765000003 0.72675442734999995 -1.0972152989999999 0.6972220509 0.72675442739999996
COORD -1.1698351014999999 0.56673242555000003 0.80651891035000001 -1.1699390140000001 0.56678276650000003 0.80651891040000001
COORD -1.0031451811000001 0.82639345659999996 0.69309003550000003 -1.003374856 0.82658266319999996 0.69309003550000003
COORD -1.0738707401000001 0.71509295305000009 0.58957811685000006 -1.0820469800000001 0.72053753009999999 0.58957811689999995
COORD -1.2245985455000001 0.41020299785000003 1.0743017324999999 -1.23268194 0.41291068739999998 1.074301733
COORD -1.2255590734999999 0.40814165675000003 1.2440524625 -1.2334023759999999 0.41075367159999998 1.2440524630000001
COORD -1.2239617869999999 0.41317622165000001 0.90899449435000002 -1.231712787 0.41579274859999998 0.90899449440000002
COORD -1.2711712804999999 0.27223947250000002 0.99350091485000003 -1.2711747579999999 0.27224021720000002 0.99350091500000004
COORD -1.2164078365 0.42876890020000002 0.72571809269999998 -1.2260617979999999 0.43217180370000002 0.72571809269999998
COORD -1.2736370804999999 0.26031742175 1.3183578185 -1.273668518 0.26032384730000002 1.318357819
COORD -1.2273881150000001 0.39919282980000004 1.4036021279999999 -1.2362578980000001 0.402077617 1.4036021279999999
COORD -1.235090638 0.38193402965000001 1.5898987714999999 -1.2419727119999999 0.38406221200000001 1.589898772
COORD -1.187012631 0.52975826464999998 1.5155934154999999 -1.1871380929999999 0.52981425780000002 1.515593416
COORD -1.2851743885 0.126618819425 0.90897280185000007 -1.2937361979999999 0.12746235180000001 0.90897280179999995
COORD -1.285811147 0.12364559562499999 1.0742800400000001 -1.2940307879999999 0.12443600909999999 1.0742800400000001
COORD -1.299795126 -0.023053559590000001 1.1465812465 -1.299795574 -0.023053567529999999 1.1465812470000001
COORD -1.285792018 0.122567093485 1.2311093595 -1.294133593 0.1233622474 1.23110936
COORD -1.2876210595000002 0.11361826653500001 1.3906590249999999 -1.294968396 0.11426658739999999 1.3906590249999999
COORD -1.2852260465000001 0.13028671950500001 0.72195748334999998 -1.293371381 0.13111243340000001 0.72195748339999999
COORD -1.2998659130000001 -0.01830715737 0.80273660850000006 -1.299871088 -0.018307230250000001 0.80273660849999995
COORD -1.2672453994999999 0.28960513934999998 0.68414956250000003 -1.2673271260000001 0.28962381650000002 0.68414956250000003
COORD -1.2131187139999999 0.44316134325000001 0.58167397850000002 -1.221074759 0.44606774589999998 0.58167397850000002
COORD -1.2803184329999999 -0.165896786095 0.71798349475000001 -1.289222297 -0.16705050090000001 0.7179834947
COORD -1.2802667749999999 -0.16956468617500001 0.90499881324999998 -1.288745791 -0.17068768779999999 0.90499881319999997
COORD -1.2605640185 -0.31777028230000004 0.98624846175000003 -1.260564169 -0.31777032020000001 0.98624846160000001
COORD -1.2801114985000002 -0.17018065357500001 1.0710015755 -1.288662231 -0.1713174056 1.0710015749999999
COORD -1.2800923695000002 -0.171259155715 1.2278308949999999 -1.2885196379999999 -0.17238661089999999 1.2278308950000001
COORD -1.2998342075 -0.003703881975 1.4325674319999999 -1.2999947220000001 -0.0037043393629999999 1.4325674319999999
COORD -1.2876792699999999 0.13404644629000001 1.5198158909999999 -1.2930129109999999 0.1346016743 1.5198158909999999
COORD -1.2821722210000002 0.21052632235000002 1.623142705 -1.2828225499999999 0.2106331032 1.623142705
COORD -1.2778105725 -0.175552007945 0.57209202695000005 -1.2879024699999999 -0.1769384833 0.57209202690000005
COORD -1.2582114344999999 -0.32680953675000002 0.67435423169999997 -1.25824848 -0.32681915900000003 0.67435423169999997
COORD -1.209305699 -0.45407922075000001 0.90336445075000005 -1.217032745 -0.45698063039999998 0.90336445070000004
COORD -1.2091504225 -0.45469518814999998 1.069367213 -1.2168092989999999 -0.45757527190000002 1.069367213
COORD -1.2031297175 -0.46587904000000002 0.71894149210000002 -1.2122871609999999 -0.46942500929999997 0.71894149210000002
COORD -1.1517161215 -0.60280394585000008 0.80206024334999992 -1.151776567 -0.60283558280000005 0.80206024330000003
COORD -1.1511808910000001 -0.60379946600000001 1.1776088524999999 -1.1512519990000001 -0.60383676230000005 1.177608853
COORD -1.2024392105000001 -0.46749052754999998 1.2604928635000001 -1.211648522 -0.47107097120000002 1.2604928639999999
COORD -1.2085220895 -0.44110755155000003 1.4208071869999999 -1.221196715 -0.4457337583 1.4208071870000001
COORD -1.2664916210000001 -0.29200327370000001 1.3125655475 -1.2667663899999999 -0.2920666247 1.3125655469999999
COORD -1.2861752485 -0.144876179715 1.3881452185000001 -1.29183045 -0.1455131878 1.388145218
COORD -1.0768666705000001 -0.71332386400000003 1.0711784185 -1.083791467 -0.71791089669999997 1.0711784179999999
COORD -1.0701554584999999 -0.72611920340000002 1.262304069 -1.075745462 -0.72991211860000005 1.262304069
COORD -1.0751333545499999 -0.71538080804999993 0.90656098009999997 -1.082303695 -0.72015186659999997 0.90656098009999997
COORD -0.99410792204999998 -0.83770054544999994 0.99125619659999997 -0.99411005009999998 -0.83770233869999999 0.99125619649999996
COORD -1.0689573730499999 -0.72718062729999999 0.72213802144999995 -1.0748690219999999 -0.73120215050000004 0.72213802140000005
COORD -0.98025463349999997 -0.85354407285 1.2957631935 -0.98041806050000002 -0.85368637479999998 1.295763193
COORD -1.054568854 -0.74401967484999998 1.4021936275 -1.0622394100000001 -0.74943140770000005 1.402193628
COORD -1.1731523849999999 -0.55608380980000005 1.5386101344999998 -1.174711922 -0.55682304289999995 1.5386101350000001
COORD -1.0935764190000001 -0.69650219094999999 1.5323905074999999 -1.0964919399999999 -0.69835909519999995 1.532390508
COORD -0.88735136899999989 -0.93900365624999993 0.90687210234999993 -0.89288423309999998 -0.94485858540000001 0.90687210230000004
COORD -0.88908468495000004 -0.93694671219999992 1.07148954075 -0.89483735799999997 -0.94300906819999997 1.071489541
COORD -0.78281957609999997 -1.0378791514999999 1.1460574482500001 -0.78281966380000001 -1.0378792670000001 1.1460574480000001
COORD -0.88957612914999995 -0.93657604070000011 1.2304415424999999 -0.89528378009999998 -0.94258524980000002 1.230441543
COORD -0.88841687814999992 -0.93819907074999997 0.75179463074999997 -0.89385417950000001 -0.94394104990000005 0.75179463079999997
COORD -0.78339364104999998 -1.0374452375000001 0.83202797489999991 -0.78339405419999997 -1.0374457850000001 0.83202797490000002
COORD -1.0554641044499999 -0.74262529005 0.58496202765000005 -1.0631998810000001 -0.74806818779999995 0.58496202770000005
COORD -0.97888133749999995 -0.85520215224999996 0.68946276439999998 -0.97900317189999997 -0.85530859309999996 0.68946276439999998
COORD -0.65864703204999997 -1.1115376585000001 1.0649605877499999 -0.66271186780000002 -1.1183975049999999 1.0649605879999999
COORD -0.65913847624999999 -1.1111669870000001 1.2239125895 -0.66324136369999998 -1.118083581 1.2239125900000001
COORD -0.65951582939999998 -1.1111446164999998 0.90570508100000002 -0.66353204909999997 -1.1179110969999999 0.90570508100000002
COORD -0.53583472955 -1.184432452 0.98356022224999995 -0.53583487370000005 -1.184432771 0.98356022200000004
COORD -0.66058133855000001 -1.110340031 0.75062760939999995 -0.66467985019999998 -1.117229026 0.75062760939999995
COORD -0.55481388295 -1.1754572945000001 1.2876037885 -0.55489296970000002 -1.1756248520000001 1.287603788
COORD -0.39480589404999999 -1.2296005650000001 0.90393954239999996 -0.39742610989999999 -1.2377610779999999 0.90393954239999996
COORD -0.39393709669999999 -1.2299936069999999 1.06319504915 -0.39651808859999998 -1.2380522629999999 1.0631950489999999
COORD -0.26880510315 -1.2718018 1.1741670951500001 -0.26882610099999998 -1.2719011469999999 1.174167095
COORD -0.40983393865000001 -1.2266336870000001 1.2537877750000002 -0.41196089899999999 -1.2329996830000001 1.2537877749999999
COORD -0.42968188940000002 -1.2172654875 1.3985758344999999 -0.4327187877 -1.2258688550000001 1.3985758340000001
COORD -0.41061815754999997 -1.2262596225 0.72089217824999996 -0.41278301519999999 -1.232724699 0.72089217819999996
COORD -0.26872052469999996 -1.2718207774999999 0.80052700514999997 -0.26874129250000001 -1.271919069 0.80052700519999997
COORD -0.55820878539999996 -1.1738125435 0.68816739604999999 -0.55830245999999994 -1.1740095239999999 0.68816739599999999
COORD -0.43212341605000004 -1.2160327559999999 0.5847548588 -0.43529454719999999 -1.224956594 0.5847548588
COORD -0.10461786925 -1.28721397 1.06822290715 -0.1053098063 -1.2957275349999999 1.068222907
COORD -0.12051471120000001 -1.28385405 1.258815633 -0.1214962164 -1.2943101130000001 1.258815633
COORD -0.10774747017 -1.2873116205000001 0.90257030184999998 -0.10843033439999999 -1.2954701319999999 0.90257030179999997
COORD 0.040542921780000005 -1.2993638705000001 0.98721883969999991 0.04054303938 -1.299367639 0.9872188395
COORD -0.12355973367 -1.283970678 0.71952293769999998 -0.12452700110000001 -1.294022035 0.71952293769999998
COORD 0.033796276440000002 -1.2995230685000001 1.306742903 0.033797252440000002 -1.2995605969999999 1.306742903
COORD -0.13039095746000001 -1.2841108984999998 1.412687091 -0.13132905210000001 -1.293349404 1.412687091
COORD -0.37895477825000001 -1.2396287689999999 1.5296202665 -0.380048575 -1.243206773 1.529620266
COORD -0.2181785611 -1.279782848 1.534460105 -0.21847311520000001 -1.281510631 1.534460105
COORD 0.18570005647999999 -1.2779132225000001 0.90200180760000004 0.18694608879999999 -1.2864879170000001 0.90200180760000004
COORD 0.18882965739999999 -1.2778155720000002 1.0676544129000001 0.1900441259 -1.286033915 1.0676544130000001
COORD 0.33505898109999999 -1.2560789175 1.1839284899 0.33505910309999998 -1.2560793750000001 1.18392849
COORD 0.18990184639999999 -1.2775295655000001 1.2691455220000001 0.19114181490000001 -1.285871225 1.2691455220000001
COORD 0.18573518133 -1.2779038840000001 0.71636496594999999 0.18698205600000001 -1.2864826899999999 0.71636496589999998
COORD 0.33402191695 -1.2563555855000001 0.79680053914999993 0.334021917 -1.256355586 0.79680053910000004
COORD 0.0235786902495 -1.2997125015 0.67575419140000004 0.023580025979999999 -1.2997861289999999 0.67575419140000004
COORD 0.1719005507195 -1.2781548644999998 0.57055292294999993 0.17327843230000001 -1.2884000099999999 0.57055292290000004
COORD 0.47066902480000006 -1.2028925720000001 0.71158349425 0.47369465509999997 -1.2106252 0.7115834942
COORD 0.47063389995000005 -1.2029019105000001 0.89722033589999994 0.47366080859999998 -1.210638442 0.89722033590000005
COORD 0.60761900105 -1.1492601984999999 0.98159465500000009 0.60761902729999995 -1.149260248 0.98159465509999999
COORD 0.47097189319999999 -1.202723212 1.0668116999000001 0.47401683249999998 -1.2104990879999999 1.0668116999999999
COORD 0.47204408220000005 -1.2024372054999999 1.2683028090000001 0.47504994150000002 -1.210094027 1.2683028089999999
COORD 0.48232706700000005 -1.1965803954999998 0.56941017075 0.4860157987 -1.2057315799999999 0.5694101707
COORD 0.61893905000000005 -1.1431267205 0.66982996750000001 0.61897123610000004 -1.1431861649999999 0.66982996750000001
COORD 0.25271351095 -1.272500744 0.44986907654999997 0.25322931580000002 -1.275098002 0.44986907650000002
COORD 0.41431018350000004 -1.2292985509999999 0.44943164320000001 0.4151921314 -1.2319153759999999 0.44943164320000001
COORD 0.728583341 -1.06657672985 0.89665506535000006 0.73328018070000001 -1.0734524569999999 0.89665506530000005
COORD 0.72892133425000005 -1.0663980313500001 1.06624642935 0.73359584749999995 -1.0732367549999999 1.066246429
COORD 0.74001412335000005 -1.0564642608999999 0.71381874950000002 0.74583187490000002 -1.0647698409999999 0.71381874950000002
COORD 0.86131645655 -0.97360209375000006 0.79847052385000006 0.86137581829999998 -0.97366919419999998 0.79847052389999995
COORD 0.85017736524999998 -0.98346240345000002 1.15044704785 0.85017740259999997 -0.98346244670000005 1.150447048
COORD 0.72921302529999998 -1.0661458721000001 1.2353866375 0.73391413299999997 -1.0730191259999999 1.235386638
COORD 0.61944877995000003 -1.142852725 1.2992149630000001 0.61948009540000004 -1.1429104999999999 1.2992149630000001
COORD 0.48353586785000002 -1.1962084305 1.4163317530000001 0.48719323250000002 -1.205256302 1.4163317529999999
COORD 0.94667608209999998 -0.87953552535000001 1.06825299885 0.95239113630000005 -0.88484525390000002 1.068252999
COORD 0.94696777314999991 -0.87928336610000002 1.237393207 0.95265353600000002 -0.88456273959999998 1.237393207
COORD 0.94789641560000004 -0.87788779125000005 0.90596241914999998 0.95378557369999994 -0.88334199459999996 0.90596241909999997
COORD 1.0446868235 -0.77370875390000005 0.99290857830000001 1.044688123 -0.77370971629999996 0.99290857850000003
COORD 0.95932719794999999 -0.86777532229999998 0.72312610330000004 0.9640901932 -0.87208376850000002 0.72312610330000004
COORD 1.0462980129999999 -0.77151649664999999 1.3214069825000001 1.0463050599999999 -0.77152169260000003 1.3214069829999999
COORD 1.115450923 -0.65332603329999994 0.91530899929999998 1.121752539 -0.65701692609999995 0.91530899929999998
COORD 1.1142305895 -0.65497376740000002 1.0775995790000001 1.120714864 -0.65878539280000004 1.0775995789999999
COORD 1.1144881755 -0.65440205735000001 1.2438109675 1.121032501 -0.658244736 1.243810968
COORD 0.97069192445000008 -0.85188525739999998 0.58296973845 0.97708666290000001 -0.85749731959999997 0.58296973839999999
COORD 1.0572718834999999 -0.75617095489999997 0.69046163375000003 1.057391285 -0.75625635199999997 0.69046163370000002
COORD 1.1159264330000001 -0.65226948819999997 0.75086949920000001 1.1223376570000001 -0.65601690850000005 0.75086949920000001
COORD 1.1854701990000001 -0.53353450169999994 0.83556049989999992 1.1854706699999999 -0.53353471360000004 0.83556049990000003
COORD 1.1272911594999999 -0.63637942329999997 0.61071313434999996 1.1320692880000001 -0.63907677679999997 0.61071313429999996
COORD -1.1879533394999999 0.52413952460000002 0.46044673935000002 -1.189377441 0.52476785579999996 0.46044673940000003
COORD -1.108954392 0.67052066105000008 0.46472395059999999 -1.112455977 0.67263786699999994 0.46472395059999999
COORD 1.1043699495000001 0.6784343852500001 0.46449567530000002 1.1076828110000001 0.68046953610000005 0.46449567530000002
COORD 1.0384192730000001 -0.78048446434999996 0.42237646109999999 1.039197245 -0.7810691944 0.42237646109999999
COORD 1.1295942745000001 -0.63118932899999991 0.42990434384999998 1.1348498549999999 -0.63412601739999996 0.42990434379999998
COORD 0.98412759620000001 0.12498188104999999 0.12408125994999999 0.99203205400000005 0.1259857285 0.12408126
COORD 0.95397390660000003 0.29599195270000001 0.12408125994999999 0.95508366590000005 0.2963362806 0.12408126
COORD 0.95492089624999998 -0.29226454035000005 0.12006245725 0.95621626110000002 -0.29266100169999998 0.1200624572
COORD 0.98507458585000007 -0.12125446870000001 0.12006245725 0.99250923719999995 -0.12216961229999999 0.1200624572
COORD 0.98412759620000001 0.12498188104999999 0.29074792659999998 0.99203205400000005 0.1259857285 0.29074792659999998
COORD 0.98507458585000007 -0.12125446870000001 0.28672912389999999 0.99250923719999995 -0.12216961229999999 0.28672912389999999
COORD 0.98414189114999995 -0.1249264954 1.7093118624999999 0.9920392589 -0.1259289834 1.7093118620000001
COORD 0.98414189114999995 -0.1249264954 1.875978529 0.9920392589 -0.1259289834 1.875978529
COORD 0.98492697409999996 0.12184346435 1.8792640999999999 0.99243487149999998 0.1227722522 1.8792641000000001
COORD 0.98492697409999996 0.12184346435 1.7125974335 0.99243487149999998 0.1227722522 1.712597433
COORD 0.9547732845000001 0.29285353600000003 1.8792640999999999 0.95603837790000001 0.29324157270000001 1.8792641000000001
COORD 0.95398820155000008 -0.29593656705000004 1.875978529 0.95510061489999998 -0.29628164870000001 1.875978529
COORD 0.89393604485 0.43586455460000006 0.14976734905 0.89884838869999995 0.43825971089999999 0.14976734899999999
COORD 0.80711195599999996 0.58624828780000005 0.14976734905 0.80908986179999998 0.58768494579999997 0.14976734899999999
COORD 0.90821733064999999 0.38983636399999999 0.27384860899999997 0.9189249504 0.394432422 0.27384860900000002
COORD 0.70417310449999992 0.70461973089999996 0.10493797345 0.70688257320000003 0.70733091810000004 0.1049379735
COORD 0.57115088295000005 0.81623862795000002 0.10493797345 0.57331671360000003 0.81933384269999998 0.1049379735
COORD 0.74524061739999992 0.64808040900000008 0.2547053225 0.75458291550000001 0.65620471170000005 0.2547053225
COORD 0.43330584950000001 0.89819972400000003 0.1551182223 0.43449872969999997 0.90067244540000002 0.1551182223
COORD 0.27012993834999999 0.95759089860000002 0.1551182223 0.27149758880000002 0.96243911979999996 0.1551182223
COORD 0.50445673245 0.84841294815000001 0.26005619575 0.51107163509999998 0.85953812240000005 0.2600561958
COORD 0.086041646806999994 0.99240326430000003 0.14469595385 0.086376251220000005 0.99626258749999996 0.1446959538
COORD -0.087606530892999995 0.99240326430000003 0.14469595385 -0.087935180919999995 0.99612619879999997 0.1446959538
COORD 0.18252340745700002 0.96518640990000004 0.29981417615 0.18581360299999999 0.9825850116 0.2998141762
COORD -0.25783520389999998 0.96224980715000008 0.14367845374999999 -0.25882011760000001 0.96592553889999999 0.14367845379999999
COORD -0.42101111505 0.9028586325500001 0.14367845374999999 -0.4226192681 0.90630731779999996 0.14367845379999999
COORD -0.17179355709299998 0.96984531844999999 0.28837440759999999 -0.17441977310000001 0.9846713882 0.28837440759999999
COORD -0.57139654364999992 0.81603262530000009 0.15018976044999999 -0.57357936499999995 0.81914999359999996 0.15018976049999999
COORD -0.70441876520000002 0.70441372825000004 0.15018976044999999 -0.70710930930000004 0.70710425310000002 0.15018976049999999
COORD -0.49240765869999997 0.85286585405000004 0.29386821419999998 -0.50000405780000001 0.86602306100000004 0.29386821419999998
COORD -0.81282363820000003 0.57687519799999998 0.14663815590000001 -0.81549170010000005 0.57876876830000001 0.14663815590000001
COORD -0.89964772705000007 0.4264914648 0.14663815590000001 -0.90360469060000004 0.42836732259999999 0.14663815590000001
COORD -0.75119796029999997 0.63850131654999998 0.29682791635 -0.76194780149999997 0.64763843909999996 0.2968279164
COORD -0.96353850740000002 0.25018086550000002 0.15273954945000001 -0.96790542319999995 0.25131472659999998 0.15273954949999999
COORD -0.993692197 0.079170793850000726 0.15273954945000001 -0.99684110920000002 0.079421678260000003 0.15273954949999999
COORD -0.92349361365000004 0.33465218699999999 0.29937770535000002 -0.94017332549999999 0.34069651899999998 0.29937770540000003
COORD -0.99259625210000002 -0.085725914599999273 0.10211827185 -0.99629124859999996 -0.086045034239999998 0.1021182719
COORD -0.96244256250000004 -0.25673598624999999 0.10211827185 -0.96621378250000001 -0.25774197659999998 0.1021182719
COORD -0.98628844910000002 -0.0065551207499999903 0.25485782130000001 -0.99997791439999995 -0.0066461043649999997 0.25485782130000001
COORD -0.91161079384999999 -0.40519833170000003 0.15130590420000001 -0.913797419 -0.40617025620000002 0.15130590420000001
COORD -0.82478670499999995 -0.55558206490000006 0.15130590420000001 -0.82938405810000004 -0.55867887390000004 0.15130590420000001
COORD -0.9343607355500001 -0.31991417464999999 0.25342417605000001 -0.9460819479 -0.32392738049999997 0.25342417610000001
COORD -0.70387376364999998 -0.70487038555000003 0.14349503029999999 -0.70660635869999999 -0.70760684969999998 0.14349503029999999
COORD -0.5708515421 -0.81648928260000009 0.14349503029999999 -0.57299678040000002 -0.81955761819999995 0.14349503029999999
COORD -0.76261602555000008 -0.61766484075000005 0.2948009345 -0.77709086029999996 -0.62938842930000005 0.2948009345
COORD -0.42167501215000003 -0.9026164606 0.1419871284 -0.42325963820000001 -0.90600843190000002 0.1419871284
COORD -0.25849910100000001 -0.96200763519999999 0.1419871284 -0.2595026601 -0.96574239289999997 0.1419871284
COORD -0.49252655425000003 -0.85308033939999994 0.28548215869999999 -0.50000029739999996 -0.86602523210000004 0.28548215869999999
COORD -0.091778312612499996 -0.99237933155000002 0.147753459 -0.092090105140000003 -0.99575067790000005 0.147753459
COORD 0.081869865087499993 -0.99237933155000002 0.147753459 0.082219241109999994 -0.99661426659999997 0.147753459
COORD -0.17662923591249999 -0.96957921375 0.28974058739999997 -0.1792214466 -0.98380875840000004 0.28974058740000003
COORD 0.24417685665 -0.9669985525 0.14682201095 0.2448254581 -0.96956716890000005 0.14682201089999999
COORD 0.40735276779999996 -0.90760737790000001 0.14682201095 0.4094695813 -0.91232377040000001 0.14682201089999999
COORD 0.1523985440375 -0.97457013105000001 0.29457546995 0.1544975733 -0.98799316790000002 0.2945754699
COORD 0.56846090704999996 -0.81847690345000002 0.16374613364999999 0.57044602089999996 -0.82133509439999997 0.16374613360000001
COORD 0.70148312860000006 -0.70685800640000007 0.16374613364999999 0.70440300639999998 -0.70980025680000003 0.16374613360000001
COORD 0.47581367485000003 -0.86005887754999999 0.31056814459999998 0.4840897589 -0.87501834570000003 0.31056814459999998
COORD 0.81868855559999998 -0.56674018320000008 0.13035371500000001 0.82221296639999997 -0.56917996959999995 0.13035371500000001
COORD 0.90551264445000001 -0.41635644999999999 0.13035371500000001 0.90855876849999995 -0.41775706369999999 0.13035371500000001
COORD 0.75412724109999996 -0.6308105799 0.29409984865 0.76703383250000001 -0.64160665510000003 0.29409984859999999
COORD 0.92074091990000007 -0.36660084705000001 0.25041617225000001 0.9290654679 -0.36991533679999999 0.25041617220000001
COORD 0.98015636895000002 0.13946275969999999 0.58955260514999996 0.99002846879999995 0.14086742360000001 0.58955260509999996
COORD 0.98015636895000002 0.13946275969999999 0.42288593845 0.99002846879999995 0.14086742360000001 0.4228859385
COORD 0.97428613755000004 -0.15828032014999999 0.42846242960000003 0.98705933840000004 -0.1603554254 0.42846242960000003
COORD 0.97428613755000004 -0.15828032014999999 0.59512909629999999 0.98705933840000004 -0.1603554254 0.59512909629999999
COORD 0.96428396515000003 0.26444464074999996 0.38030053175 0.96439269039999997 0.26447445749999998 0.38030053180000001
COORD 0.9593607234 -0.27953478884999999 0.38185822020000004 0.96007495080000005 -0.27974289759999998 0.38185822019999999
COORD 0.97907455464999993 0.14313480044999999 0.91711544569999992 0.9894819628 0.1446563008 0.91711544570000003
COORD 0.97907455464999993 0.14313480044999999 0.75044877904999996 0.9894819628 0.1446563008 0.75044877899999995
COORD 0.97728260675 -0.14900105135 0.77722500034999997 0.98857605010000005 -0.15072290220000001 0.77722500029999997
COORD 0.97728260675 -0.14900105135 0.94389166699999993 0.98857605010000005 -0.15072290220000001 0.94389166700000005
COORD 0.95923092360000006 0.28259756014999998 0.67333471749999996 0.95923795209999996 0.2825996308 0.67333471749999996
COORD 0.95156874430000005 -0.30728137150000001 0.70568742995 0.95161398679999998 -0.30729598120000001 0.7056874299
COORD 0.97898575084999995 0.1434316927 1.2495921745 0.98943708789999996 0.14496292329999999 1.2495921750000001
COORD 0.97898575084999995 0.1434316927 1.082925508 0.98943708789999996 0.14496292329999999 1.082925508
COORD 0.97812666030000006 -0.14626994465000001 1.1016883630000001 0.98900286159999995 -0.14789638159999999 1.1016883630000001
COORD 0.97812666030000006 -0.14626994465000001 1.2683550294999999 0.98900286159999995 -0.14789638159999999 1.2683550299999999
COORD 0.95806030549999999 0.28656649314999999 1.0000409536999999 0.95806035150000002 0.28656650690000002 1.0000409539999999
COORD 0.95540926705000007 -0.29527099600000001 1.04558003 0.95541317059999997 -0.29527220240000002 1.04558003
COORD 0.97916666665000007 0.14282613750000001 1.5833333335000002 0.98952850729999997 0.1443375673 1.5833333329999999
COORD 0.97916666665000007 0.14282613750000001 1.4166666664999998 0.98952850729999997 0.1443375673 1.4166666670000001
COORD 0.98049130880000002 -0.13830438235 1.425169425 0.99019761100000003 -0.13967351650000001 1.425169425
COORD 0.98049130880000002 -0.13830438235 1.5918360920000001 0.99019761100000003 -0.13967351650000001 1.5918360920000001
COORD 0.95815241750000002 0.28625783020000001 1.332925508 0.95815260889999998 0.28625788740000002 1.332925508
COORD 0.95861796910000008 -0.28457432700000002 1.3601911215 0.95865106310000003 -0.28458415120000002 1.360191122
COORD 0.96409364075000004 0.26466960184999999 1.6292640999999999 0.96432194869999999 0.26473227849999997 1.6292641000000001
COORD 0.96463319994999996 -0.26323087774999998 1.6344812874999999 0.96472596020000001 -0.26325619030000003 1.6344812879999999
COORD 0.82020194399999991 0.56403322929999999 1.8612128664999998 0.82397419940000005 0.56662731899999996 1.8612128670000001
COORD 0.90702603284999994 0.41364949610000001 1.8612128664999998 0.90984998130000005 0.41493735859999997 1.8612128670000001
COORD 0.92210669654999999 0.36448288880000002 1.7404769664999999 0.92998517390000002 0.36759702970000002 1.740476967
COORD 0.58511729745000007 0.80408735335000003 1.847921667 0.58838641540000003 0.8085798823 1.847921667
COORD 0.71813951899999995 0.69246845630000009 1.847921667 0.71985592679999999 0.69412350830000002 1.847921667
COORD 0.77229701989999999 0.61371407590000004 1.7091345334999999 0.78290375810000001 0.62214283370000001 1.7091345339999999
COORD 0.26671075335 0.95892374525000001 1.8273073025 0.26796381809999997 0.96342897620000001 1.8273073019999999
COORD 0.42988666450000002 0.89953257065000003 1.8273073025 0.43119053159999998 0.90226089659999997 1.8273073019999999
COORD 0.51500396194999998 0.83759452020000003 1.6752289695 0.52377368229999999 0.85185745859999995 1.67522897
COORD -0.09366953238999999 0.9923570142 1.847972467 -0.093973254919999999 0.99557472209999998 1.847972467
COORD 0.079978645309999999 0.9923570142 1.847972467 0.080334146209999999 0.99676798950000001 1.847972467
COORD 0.17304122095999999 0.96647300645000001 1.6752797694999999 0.17624144689999999 0.98434696749999995 1.6752797690000001
COORD -0.42781239344999999 0.90032710650000003 1.8501246135 -0.42918533390000002 0.90321644649999999 1.8501246140000001
COORD -0.26463648229999998 0.95971828110000001 1.8501246135 -0.26582315429999998 0.9640218103 1.8501246140000001
COORD -0.18465783698999999 0.96726754230000001 1.6980970805 -0.187520142 0.9822607578 1.698097081
COORD -0.72372948105000001 0.68734265829999996 1.8399732069999999 -0.72509965809999999 0.68864394709999999 1.8399732070000001
COORD -0.59070725950000003 0.79896155535000002 1.8399732069999999 -0.59450199849999996 0.80409413240000005 1.8399732070000001
COORD -0.51851965295000002 0.83326325805000001 1.6900978205000001 -0.52833474749999998 0.84903615619999995 1.6900978209999999
COORD -0.90285901229999999 0.42101007165000004 1.8873352694999999 -0.90630778700000003 0.4226182617 1.887335269
COORD -0.81603492344999995 0.57139380485000002 1.8873352694999999 -0.81915204429999999 0.5735764364 1.887335269
COORD -0.7737199614000001 0.61594885344999994 1.7273084765 -0.78235970960000001 0.62282684970000002 1.727308477
COORD -0.99320304315000008 0.082162997900000728 1.8485361280000001 -0.99659572699999999 0.082443658619999999 1.8485361279999999
COORD -0.96304935354999999 0.25317306955000002 1.8485361280000001 -0.96713900750000004 0.2542481861 1.8485361279999999
COORD -0.92621574505000004 0.33216299790000003 1.7358713975 -0.94129956209999999 0.3375724135 1.7358713969999999
COORD -0.96225018689999997 -0.25783416050000002 1.8900385355 -0.96592582630000001 -0.25881904509999998 1.890038535
COORD -0.99240387650000006 -0.086824088849999273 1.8900385355 -0.99619469810000005 -0.087155742750000001 1.890038535
COORD -0.98560691965000002 -0.0046610909499999881 1.7385746635000001 -0.99998881770000003 -0.0047291051989999996 1.7385746630000001
COORD -0.82470365364999998 -0.55573866300000008 1.8391472279999999 -0.82928501460000004 -0.55882588030000002 1.8391472280000001
COORD -0.91152774250000002 -0.40535492979999999 1.8391472279999999 -0.91372540759999998 -0.40633222800000002 1.8391472280000001
COORD -0.93408530860000005 -0.32116894699999998 1.7291857634999999 -0.94566259370000005 -0.32514959459999998 1.729185763
COORD -0.57139380485000002 -0.81603492344999995 1.8498082354999998 -0.5735764364 -0.81915204429999999 1.8498082360000001
COORD -0.70441602640000001 -0.70441602640000001 1.8498082354999998 -0.70710678120000003 -0.70710678120000003 1.8498082360000001
COORD -0.76307523695000001 -0.61736707969999993 1.6889554634999999 -0.77742445010000005 -0.62897633060000002 1.688955464
COORD -0.25783416050000002 -0.96225018689999997 1.8498082354999998 -0.25881904509999998 -0.96592582630000001 1.8498082360000001
COORD -0.42101007165000004 -0.90285901229999999 1.8498082354999998 -0.4226182617 -0.90630778700000003 1.8498082360000001
COORD -0.49240387650000006 -0.85286853195000001 1.6996164709999999 -0.5 -0.86602540380000004 1.6996164709999999
COORD 0.078422029814999988 -0.99233327689999995 1.8497516620000001 0.078782283970000005 -0.99689184559999999 1.8497516620000001
COORD -0.095226147885000001 -0.99233327689999995 1.8497516620000001 -0.095523048250000006 -0.99542721850000004 1.8497516620000001
COORD -0.179412130685 -0.96977571080000002 1.6995598974999999 -0.1819167528 -0.98331393509999998 1.6995598970000001
COORD 0.40656377995000004 -0.90786824080000006 1.8453365355 0.40871130420000001 -0.91266372220000003 1.845336536
COORD 0.24338786880000002 -0.96725941540000004 1.8453365355 0.24401966889999999 -0.96977028269999999 1.845336536
COORD 0.14816172091500002 -0.97478493929999999 1.6950881975000001 0.1502684068 -0.98864523770000001 1.695088197
COORD 0.70180610345000005 -0.70659094480000006 1.8268075800000001 0.70470041319999999 -0.70950498770000003 1.8268075800000001
COORD 0.56878388189999995 -0.81820984185000001 1.8268075800000001 0.5707901823 -0.82109595530000001 1.8268075800000001
COORD 0.47534766184999999 -0.86005267885000003 1.6721441155000001 0.48372929219999999 -0.87521767120000005 1.672144115
COORD 0.90495769010000005 -0.417339297 1.8598876965 0.9080866675 -0.41878228740000001 1.859887697
COORD 0.81813360125000001 -0.56772303020000003 1.8598876965 0.82157000950000003 -0.57010763850000001 1.859887697
COORD 0.75389526160000009 -0.63152636529999995 1.6866952765000001 0.7665783477 -0.64215078979999995 1.6866952770000001
COORD 0.91925327085000008 -0.37125572075000002 1.7358662254999999 0.92723524459999995 -0.3744793736 1.735866226
COORD -0.81984753435000002 -0.56137812330000003 0.41423563315 -0.8251056162 -0.56497851480000005 0.41423563320000001
COORD -0.69893459299999994 -0.71066644395 0.40642475924999999 -0.70119737579999997 -0.71296720840000005 0.40642475929999999
COORD -0.56991131414999996 -0.81703076410000008 0.44403133620000002 -0.572107221 -0.82017883889999998 0.44403133620000002
COORD -0.42073478419999999 -0.9031579421 0.44252343430000002 -0.42227636750000003 -0.90646713649999999 0.44252343430000002
COORD -0.62714282295000001 -0.76074404664999995 0.56346603485000002 -0.63609864719999998 -0.77160774430000001 0.56346603490000002
COORD -0.98866565335000001 0.14989050484999999 0.48079063370000003 -0.98870177250000002 0.1498959809 0.48079063370000003
COORD -0.9883298506 -0.010517400349999997 0.56756966630000005 -0.99994338309999997 -0.010640986769999999 0.56756966630000005
COORD -0.98704859125 -0.0020663174999999978 0.3922581315 -0.9999978088 -0.0020934257719999998 0.3922581315
COORD -0.98595264635000002 -0.16696302595000001 0.34163685389999998 -0.98596286450000004 -0.16696475629999999 0.34163685389999998
COORD -0.88923085720000006 0.45277454854999999 0.41834873225000002 -0.89113264349999999 0.45374289150000002 0.41834873220000002
COORD -0.95312163755000001 0.27646394925000001 0.42445012580000002 -0.96041332160000004 0.27857898650000001 0.42445012580000002
COORD -0.95440289690000002 0.26801286639999999 0.59976166060000002 -0.96275943330000002 0.27035952660000001 0.59976166060000002
COORD 0.055248234437500002 -0.99633788719999994 0.45123441190000002 0.055366247299999997 -0.99846611289999998 0.45123441190000002
COORD 0.21755522599999999 -0.97095710814999991 0.45030296385000002 0.21864151379999999 -0.97580525129999995 0.45030296380000001
COORD 0.27336750970000001 -0.94864625989999996 0.5743975871 0.27689839059999999 -0.96089920449999999 0.5743975871
COORD 0.3705178193 -0.92687850375000003 0.41773864515000003 0.37118893889999999 -0.92855736050000004 0.41773864509999997
COORD 0.53162595855000006 -0.83774802929999992 0.43466276785000002 0.53580875530000005 -0.8443393736 0.43466276780000002
COORD 0.51371944834999994 0.84516454890000003 0.57587594985000001 0.51940937470000004 0.85452554169999995 0.57587594990000002
COORD 0.37709659014999997 0.92610474670000009 0.48579298155 0.37712075680000001 0.92616409710000003 0.48579298160000001
COORD 0.50323455719999999 0.84943384639999997 0.4003194129 0.50970220239999997 0.86035089629999995 0.4003194129
COORD 0.64107959064999998 0.76747275035000007 0.35013916405000001 0.64108040349999995 0.76747372349999998 0.35013916410000001
COORD 0.2624571939 0.95618019865000003 0.60056023450000007 0.26469480620000002 0.96433223499999998 0.60056023449999996
COORD 0.25197230274999999 0.96044949615000008 0.42500369755 0.25376086019999999 0.96726698789999999 0.42500369760000001
COORD 0.067884011206999995 0.99526186184999998 0.41458142910000001 0.068049080309999996 0.99768197469999997 0.41458142910000001
COORD -0.80436609979999996 0.57531121969999999 1.4082078130000002 -0.81336791239999995 0.58174963599999996 1.408207813
COORD -0.69973466230000003 0.71394213504999993 1.5003976675000001 -0.69996499919999999 0.71417714880000005 1.500397668
COORD -0.78604595649999998 0.59326679155000006 1.5877565595000001 -0.79817715850000004 0.60242279470000004 1.5877565600000001
COORD -0.87835139890000002 0.47731793810000001 1.635118622 -0.87864421459999997 0.47747706140000001 1.635118622
COORD -0.60911014785000006 0.78095820009999994 1.3858670074999999 -0.61500841559999997 0.78852054429999996 1.385867008
COORD -0.59079000455000008 0.79891377195000002 1.565415754 -0.59457882780000004 0.80403732350000001 1.565415754
COORD -0.42789513849999999 0.90027932310000003 1.5755671604999999 -0.42927163509999999 0.90317543330000005 1.5755671609999999
COORD -0.41791631665000001 0.90463072960000002 0.40539002120000001 -0.41938446639999999 0.9078087185 0.40539002120000001
COORD -0.56830174524999999 0.81780472235000001 0.4119013279 -0.57065442779999997 0.82119030930000003 0.4119013279
COORD -0.096486452993000002 0.9907546652 0.44806264984999999 -0.096928268279999993 0.99529136979999999 0.44806264979999999
COORD -0.26671512600000002 0.96060120805000004 0.44704514974999998 -0.26753347309999997 0.96354856690000001 0.44704514969999998
COORD -0.34260921254999999 0.92554007635000002 0.56507826345000001 -0.34715092829999999 0.93780927329999997 0.5650782634
COORD -0.89195183979999992 -0.4517305982 1.5013818259999998 -0.89211305119999995 -0.45181224399999997 1.501381826
COORD -0.94415579360000002 -0.29534230230000003 1.4092447154999999 -0.95439544119999997 -0.29854537650000001 1.4092447159999999
COORD -0.93556681799999997 -0.31230142039999997 1.5861573455 -0.94854761080000005 -0.31663453699999999 1.586157346
COORD -0.98628926239999992 -0.16478065110000001 1.6370486529999999 -0.9863291247 -0.16478731090000001 1.6370486529999999
COORD -0.8172569354 -0.56441006579999997 1.5600432385 -0.82284341390000004 -0.56826817279999997 1.5600432390000001
COORD -0.82584591100000004 -0.54745094770000002 1.3831306084999999 -0.83349752919999998 -0.552523184 1.383130609
COORD -0.69696930815000002 -0.71308742920000001 1.570704246 -0.69897829850000004 -0.7151428796 1.570704246
COORD -0.57010925145000002 -0.81677402454999992 1.5321071955000001 -0.57236181649999995 -0.82000118960000001 1.532107195
COORD -0.41972551825000004 -0.90359811339999996 1.5321071955000001 -0.42127464219999999 -0.90693311539999999 1.532107195
COORD -0.26522928700000004 -0.96088881309999996 1.573855022 -0.26607490160000002 -0.96395235710000005 1.573855022
COORD -0.34293466195 -0.92479430569999999 1.4063457465 -0.34768722530000001 -0.93761057660000002 1.406345746
COORD -0.10262127438499999 -0.99097190309999994 1.5737984484999998 -0.1030053538 -0.99468080160000005 1.573798448
COORD -0.27537222140000001 0.95770412714999997 1.534299198 -0.27633734929999998 0.9610607001 1.534299198
COORD -0.10440527148999999 0.99034286024999996 1.5321470515 -0.10484235610000001 0.99448885379999996 1.5321470509999999
COORD -0.033923089199999992 0.98632355429999996 1.4022329665000002 -0.034373145469999998 0.99940906880000002 1.4022329659999999
COORD 0.056791295210000002 0.99588696944999999 1.5660308490000001 0.056933347269999997 0.99837798150000001 1.5660308489999999
COORD 0.24352340324999999 0.96245370050000001 1.5453656845000001 0.24529335320000001 0.9694489006 1.5453656840000001
COORD 0.88588186045000006 0.43365727599999998 1.4400914330000001 0.89816042610000002 0.43966788480000002 1.4400914330000001
COORD 0.88570094464999993 0.43426283119999998 1.2730169409999998 0.89788237540000004 0.44023543700000001 1.2730169410000001
COORD 0.82233556824999998 0.56878743784999997 1.1913522894999999 0.82243634909999996 0.56885714519999997 1.1913522889999999
COORD 0.89460612529999994 0.42138799204999999 1.0841863644999998 0.90466402010000002 0.42612558099999998 1.084186364
COORD 0.89469492909999992 0.42109109979999998 0.91837630219999999 0.90479602820000005 0.42584521520000002 0.91837630189999997
COORD 0.88902904565000007 -0.43115453479999999 1.3141754735 0.89977033959999997 -0.43636376570000002 1.314175474
COORD 0.89139369415000003 -0.42318897249999998 1.4709898690000001 0.90336508419999995 -0.4288723874 1.4709898690000001
COORD 0.89017419055000002 -0.43099491655 0.99904406049999994 0.90005398619999999 -0.43577840919999999 0.99904406030000004
COORD 0.89101824410000008 -0.42826380985000001 1.1568407564999998 0.90129600799999998 -0.43320376970000002 1.156840756
COORD 0.82379396915000003 -0.56687845535000003 1.2676395039999999 0.82379904100000001 -0.56688194540000003 1.2676395039999999
COORD -0.98708842904999994 0.0042064356500000066 1.5955462455 -0.99999092010000001 0.004261419065 1.5955462460000001
COORD -0.98788198999999999 -0.00070790440000000066 1.4124313535000002 -0.99999974329999997 -0.0007165878517 1.412431354
COORD -0.98719964724999998 0.15941165574999999 1.5139573639999999 -0.98721187909999997 0.15941363089999999 1.5139573639999999
COORD -0.93933530110000008 0.30456659595000002 1.4132045885000002 -0.95124738990000002 0.3084289274 1.413204589
COORD -0.93854174015000003 0.30948093600000004 1.5963194805000001 -0.94970024460000002 0.31316041480000001 1.5963194810000001
COORD 0.049785695514999999 -0.99653204360000003 1.5301420874999998 0.049896721239999997 -0.99875438279999995 1.530142087
COORD 0.21475153450000001 -0.97145818210000001 1.5257269609999999 0.21584985079999999 -0.97642656760000002 1.5257269609999999
COORD 0.36510433259999997 -0.92929017434999994 1.5589268294999998 0.36567497450000003 -0.9307426137 1.5589268300000001
COORD 0.26672830719999996 -0.9510372786500001 1.3939807195 0.27004097970000002 -0.96284882989999998 1.393980719
COORD 0.52732443455 -0.8396317754 1.5403978739999999 0.53185043949999999 -0.8468383021 1.5403978739999999
COORD 0.84389491625000002 0.53347056294999995 1.5513042994999999 0.84526982139999995 0.53433971309999995 1.5513043
COORD 0.74183249125000006 0.66190578995000005 1.5380131000000001 0.74615981300000001 0.66576687629999998 1.5380130999999999
COORD 0.63325234985000001 0.77246659275000007 1.5656789885000002 0.63397766259999999 0.77335135830000001 1.565678989
COORD 0.70485024619999992 0.69222307979999997 1.4078487545 0.71346868230000005 0.70068711939999995 1.4078487550000001
COORD 0.47802171689999995 0.86791181005000007 1.5450646240000001 0.48243798430000001 0.87593012920000002 1.5450646240000001
COORD 0.72047364605000008 -0.68276162444999999 0.42008109189999998 0.72584823170000001 -0.68785488620000002 0.42008109189999998
COORD 0.83767907305 -0.54264380125 0.38668867325 0.83928847279999996 -0.54368636130000003 0.3866886732
COORD 0.90995247160000003 -0.40362669849999999 0.39214947794999999 0.9141083082 -0.4054700987 0.392149478
COORD 0.87629887654999994 -0.45557774304999998 0.51813072120000003 0.88725727720000003 -0.46127488989999998 0.51813072120000003
COORD 0.73846095955000002 0.65779892929999995 0.57415489534999997 0.74671139649999996 0.66514817169999996 0.57415489529999997
COORD 0.74401844215000001 0.64910130725000004 0.39496853965000001 0.75353697549999998 0.65740552669999996 0.39496853970000001
COORD 0.84262198629999996 0.53840658794999996 0.47872105380000002 0.84266687399999995 0.53843526959999999 0.47872105380000002
COORD 0.9042461034 0.40431724265000002 0.40598662084999998 0.91289873470000005 0.40818610979999997 0.40598662079999998
COORD 0.8986886208 0.41301486469999998 0.58517297655 0.9086369956 0.4175868895 0.5851729765
COORD 0.84601376505000003 -0.53121381550000002 1.5723748070000001 0.84689185069999995 -0.53176516730000001 1.5723748070000001
COORD 0.72968626724999996 -0.67008173009999994 1.5392946905 0.73654915399999998 -0.67638402090000005 1.53929469
COORD 0.91560268850000004 -0.38463360769999999 1.6183904550000001 0.92195317119999998 -0.38730136859999997 1.6183904549999999
COORD 0.91634638909999999 0.38546556195000004 1.6112128664999998 0.92176645469999996 0.38774553890000002 1.6112128670000001
COORD 0.72541355995000001 0.67609903414999994 1.2713851520000001 0.73153477980000003 0.68180412580000005 1.2713851519999999
COORD 0.73431874060000002 0.66322419499999996 1.0825545755000001 0.74211844839999996 0.6702687584 1.0825545750000001
COORD 0.61683341854999996 0.78665983694999997 1.2990510405000002 0.61704412409999998 0.78692855390000005 1.299051041
COORD 0.6376691766 0.77031025965 0.99223994125000003 0.63766921649999997 0.77031030779999998 0.99223994140000005
COORD 0.73459118489999997 0.66299866335000002 0.91220707874999996 0.74235546350000003 0.67000624310000001 0.91220707850000005
COORD 0.73750306229999996 0.65859446900000007 0.73989992699999996 0.74588259450000005 0.66607743939999997 0.73989992699999996
COORD 0.83415262629999998 0.55150840435000004 0.83021456125000004 0.83416425299999997 0.55151609140000002 0.83021456100000002
COORD 0.89760680650000002 0.41668690544999998 0.74606915045 0.90703178139999996 0.42106216590000001 0.74606915039999999
COORD 0.51035880695000002 0.84707551300000006 1.0762248536500001 0.51606631439999995 0.85654863209999998 1.0762248539999999
COORD 0.51063125124999997 0.84684998135 0.90587735690000004 0.51636922730000001 0.85636605560000001 0.90587735690000004
COORD 0.50570031594999998 0.84898146109999995 1.2386479029999999 0.51174850530000005 0.8591353021 1.2386479029999999
COORD 0.37866239060000001 0.92552118279999995 1.1522853186499999 0.37866718719999998 0.92553290669999999 1.152285319
COORD 0.4851370022 0.86510550674999998 1.3751115055000001 0.48912359960000001 0.87221448300000004 1.3751115060000001
COORD 0.38545118145000001 0.92272534195 0.82560589389999994 0.38545220870000002 0.92272780099999996 0.82560589390000005
COORD 0.51276155109999999 0.84596008860000005 0.7416209815 0.51834494170000001 0.85517163269999996 0.7416209815
COORD 0.6388995181499999 0.76928918830000004 0.65614741285 0.63890001340000002 0.76928978469999998 0.6561474128
COORD 0.23533704646 0.9613718 1.230837556 0.23777250890000001 0.97132087079999996 1.230837556
COORD 0.23999553745999999 0.9594658519 1.0684145066499999 0.24265845289999999 0.97011178490000005 1.068414507
COORD 0.095416930375 0.9954365998000001 0.98087386209999994 0.095417005999999999 0.99543738879999999 0.98087386200000004
COORD 0.23874227451499999 0.95958598259999994 0.90232162475 0.24143688269999999 0.97041652479999996 0.9023216248
COORD 0.24087257436499998 0.9586960898500001 0.73806524934999995 0.243676638 0.96985653380000003 0.73806524939999996
COORD 0.25063868855000004 0.95964739719999992 1.3754125660000001 0.2527012025 0.96754436710000002 1.3754125660000001
COORD 0.11197183541 0.99359206629999997 1.291541754 0.11198511279999999 0.99370988449999997 1.291541754
COORD 0.36688861429999997 0.93023343420000004 1.4846614864999998 0.36689934670000002 0.93026064590000002 1.484661486
COORD -0.051985896189999999 0.98749055115000006 1.0619187265000001 -0.052571650130000001 0.99861715470000001 1.061918726
COORD -0.053239159134999998 0.98761068185000001 0.89582584460000003 -0.053828874759999999 0.99855017509999999 0.89582584460000003
COORD -0.049224731289999997 0.98804795710000004 1.2576579565000001 -0.049758471030000001 0.99876128009999998 1.2576579560000001
COORD -0.1978808208 0.98022203915000006 1.172609939 -0.19788160590000001 0.98022592809999998 1.172609939
COORD -0.19602500379999999 0.98058759399999995 0.79180205049999997 -0.1960271767 0.98059846319999999 0.79180205049999997
COORD -0.048622177235000001 0.98853364264999999 0.71075718609999994 -0.0491267736 0.99879255109999998 0.71075718610000005
COORD 0.115748286965 0.99304083930000009 0.67727596535000001 0.1157756263 0.99327539200000003 0.67727596540000001
COORD -0.027037557700000006 0.98601775145000004 0.57325217125000005 -0.027410661209999999 0.99962425720000003 0.57325217120000005
COORD -0.3413026743 0.92695521005000003 1.2614030445000002 -0.3455207139 0.93841112329999998 1.2614030439999999
COORD -0.3440638392 0.92639780410000006 1.0656638145000001 -0.34816272129999998 0.93743411470000004 1.0656638140000001
COORD -0.48567933889999998 0.87413460609999993 0.98336233795000005 -0.48568037590000002 0.87413647250000004 0.98336233790000005
COORD -0.34225748540000001 0.92740143519999996 0.89456923244999997 -0.34622482319999998 0.93815157189999998 0.89456923239999997
COORD -0.33764050349999997 0.92832439600000005 0.70950057394999999 -0.34180385769999999 0.93977131410000003 0.70950057389999999
COORD -0.34764257300000001 0.92335464104999998 1.4096171315000001 -0.35235346839999998 0.93586699549999997 1.4096171310000001
COORD -0.49382559139999999 0.86953040599999998 1.302671007 -0.49383871740000002 0.86955351830000005 1.302671007
COORD -0.60609035334999994 0.78110036844999997 1.0685637948500002 -0.6130376407 0.79005370139999997 1.068563795
COORD -0.60428399955000001 0.78210399954999998 0.89746921280000003 -0.61140373029999995 0.79131882229999995 0.89746921280000003
COORD -0.60277024914999999 0.7845587691 1.2376529205 -0.60924298020000001 0.79298360079999997 1.237652921
COORD -0.72137490979999996 0.69252816254999994 1.1517597953500001 -0.72138319979999999 0.69253612109999996 1.151759795
COORD -0.73381785980000003 0.6792134984 0.79652438400000003 -0.73388404890000003 0.67927476229999995 0.79652438400000003
COORD -0.61340684535000001 0.77224773604999997 0.7113229271 -0.62197621589999996 0.78303613380000003 0.7113229271
COORD -0.61837555440000003 0.76946341640000004 0.56690061660000002 -0.62642603230000005 0.77948086959999996 0.56690061660000002
COORD -0.48884169415000001 0.87235391754999991 0.66784544540000002 -0.4888496235 0.87236806769999997 0.66784544540000002
COORD -0.8138442548 0.55936198989999997 0.90066277790000004 -0.82411563330000004 0.56642159469999998 0.90066277790000004
COORD -0.8229671006 0.54950572640000006 0.71451649220000002 -0.83164850310000005 0.55530241059999996 0.71451649220000002
COORD -0.81110367159999996 0.56502956284999994 1.0689343203499999 -0.82053344660000005 0.57159851559999997 1.0689343200000001
COORD -0.90025291240000005 0.43532179085 0.98692642855000001 -0.90027075239999999 0.43533041750000001 0.9869264284
COORD -0.80778356740000001 0.56848796349999997 1.2380234460000001 -0.81778370280000001 0.57552568609999999 1.2380234459999999
COORD -0.91092618834999994 0.41212026435000004 0.68103801940000008 -0.91109492380000001 0.41219660349999998 0.68103801939999997
COORD -0.83089979334999997 0.53197177284999997 0.57689962550000007 -0.84218123450000004 0.53919455510000003 0.57689962549999996
COORD -0.69286689644999999 0.71769854085000007 0.45537880959999999 -0.69455123500000004 0.71944324439999996 0.45537880959999999
COORD -0.80127176945 0.59016001060000001 0.45182720505000001 -0.80517616020000005 0.59303570809999995 0.45182720510000002
COORD -0.94294704455 0.29649056455 1.0691552095499999 -0.95395441810000003 0.29995160980000002 1.0691552090000001
COORD -0.94568762774999993 0.29082299160000002 0.90088366710000001 -0.95582383240000002 0.29394013229999999 0.90088366710000001
COORD -0.9891643363 0.14671559365 0.81960730829999995 -0.98917840759999998 0.1467176808 0.81960730829999995
COORD -0.94647020414999994 0.28554681995000003 0.73737852729999998 -0.95737808069999997 0.28883768900000001 0.73737852729999998
COORD -0.94275276870000002 0.29774333975 1.2430202215000001 -0.95357338800000002 0.30116074399999998 1.2430202210000001
COORD -0.98818748405000001 0.1532445405 1.15697746005 -0.98818827809999998 0.15324466370000001 1.15697746
COORD -0.89409486159999996 0.44781261999999999 1.325382338 -0.89412089689999996 0.44782566000000001 1.325382338
COORD -0.9885762186 0.0038251948999999952 1.242104216 -0.999992514 0.0038693691000000001 1.242104216
COORD -0.98877049444999998 0.0025724196999999949 1.0682392040499999 -0.99999661579999999 0.0026016260000000001 1.0682392039999999
COORD -0.98921401279999999 -0.14647695020000001 0.98013711044999996 -0.98921408200000005 -0.14647696039999999 0.98013711049999996
COORD -0.98882527824999999 0.0029423954000000058 0.89501035449999999 -0.99999557279999995 0.0029756342800000002 0.89501035449999999
COORD -0.98960785465000001 -0.0023337762499999887 0.73150521470000007 -0.99999721929999996 -0.0023582772999999999 0.73150521469999996
COORD -0.98846500039999996 -0.15138002519999999 1.3236930975000001 -0.98847539470000001 -0.1513816171 1.3236930979999999
COORD -0.94515876764999995 -0.29016853609999999 1.0655242439999999 -0.95596348259999997 -0.29348563840000003 1.0655242439999999
COORD -0.94521355144999997 -0.28979856039999996 0.89229539445000006 -0.95607318220000004 -0.29312807819999998 0.89229539440000005
COORD -0.94485002220000003 -0.29080920300000002 1.2389175779999999 -0.95575451960000002 -0.29416542680000002 1.2389175779999999
COORD -0.90084956085000001 -0.43413081320000002 1.1510758619999999 -0.90084978869999999 -0.434130923 1.1510758619999999
COORD -0.90158674680000006 -0.43259722265 0.80379531625 -0.90158718900000001 -0.43259743480000001 0.8037953162
COORD -0.94564199194999998 -0.28890563675000003 0.71840818269999995 -0.95636302470000001 -0.29218104839999998 0.71840818269999995
COORD -0.94436398789999998 -0.29708926084999998 0.55447263430000004 -0.95391013739999997 -0.3000924022 0.55447263430000004
COORD -0.98799079255 -0.1542905986 0.64297271249999999 -0.98802468489999995 -0.1542958914 0.64297271249999999
COORD -0.81917666235000008 -0.55458508885000002 0.89364533145000002 -0.82807873369999996 -0.56061181819999995 0.89364533150000003
COORD -0.81960510284999999 -0.55369216519999997 0.71975811970000003 -0.82863355240000003 -0.55979142169999996 0.71975811970000003
COORD -0.81827756185 -0.55556343190000002 1.0598322954999999 -0.82733309820000001 -0.56171162060000002 1.059832296
COORD -0.73629591789999993 -0.67665837444999999 0.97579509894999994 -0.73629656789999998 -0.67665897180000001 0.97579509919999996
COORD -0.81796881639999997 -0.55620409879999999 1.2332256294999999 -0.82693341050000002 -0.56229986170000001 1.23322563
COORD -0.74668056009999995 -0.66502987894999999 0.66773379640000008 -0.74675650959999995 -0.66509752320000004 0.66773379639999997
COORD -0.82909064454999992 -0.54304201274999997 0.57788378119999995 -0.83653295419999996 -0.54791661459999996 0.57788378119999995
COORD -0.89277207710000006 -0.45004040955000002 0.46625995645000001 -0.8929603545 -0.45013531890000003 0.46625995650000002
COORD -0.93512087769999996 -0.31542537140000004 0.39082448624999999 -0.94754689059999997 -0.31961678640000002 0.3908244863
COORD -0.61565780670000003 -0.77300280909999997 1.0581180393 -0.62300018170000004 -0.78222169080000004 1.0581180400000001
COORD -0.6165569072 -0.77202446604999997 0.89193107525000004 -0.62403899709999999 -0.78139319809999996 0.89193107530000004
COORD -0.49701917004999996 -0.86773863374999993 0.78766331369999998 -0.4970195697 -0.86773933150000004 0.78766331369999998
COORD -0.61765728124999997 -0.77139419909999996 0.7053403733500001 -0.62502937449999996 -0.78060123049999997 0.7053403734
COORD -0.61641385530000004 -0.77257016175000004 1.2532899915 -0.62368132880000005 -0.78167870650000004 1.253289992
COORD -0.4966748446 -0.86793625334999991 1.1694259678000001 -0.49667503299999999 -0.86793658269999996 1.1694259680000001
COORD -0.74327391200000004 -0.66888356640000002 1.2918870419999999 -0.74332545090000002 -0.66892994699999997 1.2918870419999999
COORD -0.6242909499 -0.76381701064999996 1.4031949705 -0.63284287159999997 -0.77428024630000003 1.4031949699999999
COORD -0.355940115 -0.92211935974999992 1.2555147555000001 -0.36010588170000002 -0.93291143949999999 1.2555147550000001
COORD -0.3551840664 -0.92255200709999996 1.0603428033 -0.35929309770000001 -0.93322476919999997 1.0603428029999999
COORD -0.21156073205000001 -0.97736038474999998 0.97685715270000006 -0.2115616561 -0.97736465340000001 0.97685715259999994
COORD -0.35229546165000003 -0.92317727834999996 0.89076836500000001 -0.35653337930000001 -0.93428258539999998 0.89076836500000001
COORD -0.35339583569999999 -0.92254701140000006 0.70417766310000007 -0.35771784969999998 -0.93382971680000004 0.70417766309999996
COORD -0.20144388375 -0.97941005944999993 1.2972625820000001 -0.2014616431 -0.97949640449999997 1.2972625820000001
COORD -0.063918883859999998 -0.98648863544999998 1.0601610243500001 -0.064658757390000002 -0.99790743309999996 1.0601610239999999
COORD -0.061030279110000002 -0.98711390669999999 0.89058658604999996 -0.061709155949999997 -0.99809417389999999 0.89058658609999997
COORD -0.049036913850000002 -0.98497019995000001 1.2536062210000001 -0.049723591710000001 -0.99876301720000005 1.2536062210000001
COORD 0.10149353909 -0.99472372190000002 1.16733565435 0.101504897 -0.99483503949999996 1.1673356539999999
COORD -0.036031460799999998 -0.98764514589999997 1.4044372119999999 -0.036457939180000003 -0.99933518830000001 1.4044372119999999
COORD 0.10350824274000001 -0.99448351084999997 0.79042618175000001 0.10352318169999999 -0.9946270411 0.79042618170000001
COORD -0.044133605450000002 -0.98535526014999997 0.70712231009999993 -0.044744677859999998 -0.99899845539999999 0.70712231010000004
COORD -0.19611353970000001 -0.98049755319999998 0.66351840350000002 -0.1961296257 -0.98057797749999998 0.66351840350000002
COORD -0.34083724809999999 -0.92505890860000006 0.5604133522000001 -0.3457286436 -0.93833453789999999 0.56041335219999999
COORD -0.031575017849999998 -0.98786715734999997 0.56335799919999996 -0.031946503229999999 -0.99948958020000001 0.56335799919999996
COORD 0.24721266519999999 -0.95949526915000005 1.2521389864999999 0.2495004351 -0.9683746862 1.2521389860000001
COORD 0.23233069518999999 -0.96101370465000002 1.05869378985 0.2349863737 -0.97199866469999996 1.05869379
COORD 0.38142351045 -0.92439319885000004 0.9787379301500001 0.38142605070000002 -0.92439935520000005 0.97873793009999999
COORD 0.23570438433999999 -0.95962165160000001 0.89393459799999997 0.23853221629999999 -0.97113458480000003 0.89393459799999997
COORD 0.25260105799999999 -0.95786300504999999 0.71047032204999994 0.25499537979999998 -0.9669422714 0.71047032210000005
COORD 0.39756546329999998 -0.91732726140000009 1.285338855 0.39765542269999998 -0.91753483030000005 1.285338855
COORD 0.50599007115000005 -0.8495877087 1.0559462922 0.51169523910000003 -0.85916702820000002 1.055946292
COORD 0.50936376029999997 -0.84819565564999999 0.89118710035000004 0.51482744840000005 -0.85729382259999998 0.89118710040000004
COORD 0.50674850085000001 -0.84896479565000005 1.2280115785000001 0.51253821870000005 -0.85866441309999997 1.228011578
COORD 0.63468875070000008 -0.77276725245 1.1404607487 0.63468905639999995 -0.77276762460000004 1.1404607490000001
COORD 0.52626414285000001 -0.84050680514999998 1.3698533115 0.53068575900000003 -0.84756865520000002 1.369853312
COORD 0.63484713240000001 -0.77263685545000005 0.81290495344999991 0.63484757940000003 -0.77263739939999998 0.81290495350000003
COORD 0.51028057169999996 -0.84744234559999998 0.73569659139999999 0.51584435070000001 -0.85668232489999996 0.73569659139999999
COORD 0.53104702339999998 -0.83822560044999994 0.59962385645000005 0.5351749334 -0.84474125659999999 0.59962385640000004
COORD 0.40556365129999999 -0.91378440064999999 0.67790600334999995 0.40566836649999999 -0.91402033699999996 0.67790600329999995
COORD 0.73061517399999998 -0.66806603490000005 1.2114154109999999 0.73799107450000001 -0.67481047270000005 1.2114154109999999
COORD 0.72985674430000003 -0.66868894795 1.0393501246999999 0.73732842899999995 -0.67553444610000002 1.0393501249999999
COORD 0.73334399355000002 -0.66351391770000001 0.88126968854999999 0.74152963709999997 -0.67092011240000005 0.88126968859999999
COORD 0.73426080495000001 -0.66276060765 0.72577917959999994 0.74232522879999996 -0.67003974109999997 0.72577917960000005
COORD 0.82927041685000003 -0.55881270015000006 0.95222435085000001 0.829286564 -0.55882358109999997 0.9522243507
COORD 0.72862597554999997 -0.67095675985000003 1.3687501280000001 0.73561860940000001 -0.67739594140000003 1.3687501280000001
COORD 0.63650747210000003 -0.77126930965000007 1.4830705975 0.63650807359999995 -0.77127003849999998 1.483070597
COORD 0.81839157205000002 -0.57411625784999998 0.65340691559999997 0.81864774949999997 -0.57429597089999995 0.65340691559999997
COORD 0.71989471090000001 -0.68323919560000002 0.58504218050000001 0.72533179690000005 -0.68839943670000003 0.58504218050000001
COORD 0.63634287895000008 -0.77140597425000001 0.49245335589999994 0.63634305820000003 -0.7714061915 0.4924533559
COORD 0.89366143980000001 -0.42581988630000001 0.84096362435000005 0.90275586669999996 -0.43015328110000001 0.84096362440000005
COORD 0.89066497060000005 -0.43509915509999997 0.65886772029999996 0.89851848580000004 -0.4389356794 0.65886772029999996
COORD -0.2634524882 -0.96110848389999992 0.40186417470000002 -0.26436124119999999 -0.96442373159999994 0.40186417470000002
COORD -0.096731699812500002 -0.99148018024999995 0.4076305053 -0.097101879530000004 -0.99527444710000001 0.4076305053
COORD 1.0976980973999999 0.33924245095000005 2 1.0976980970000001 0.339242451 2
COORD 1.0976980973999999 -0.33924245095000005 2 1.0976980970000001 -0.339242451 2
COORD 1.0327628229000001 0.49601007165 2 1.0327628230000001 0.4960100717 2
COORD 0.94593873404999995 0.64639380484999998 2 0.94593873399999995 0.64639380479999997 2
COORD 0.70961940774999999 0.89263210965000006 2 0.70961940779999999 0.89263210969999995 2
COORD 0.41823237930000001 1.0608644889000001 2 0.41823237930000001 1.0608644890000001 2
COORD 0.25505646814999999 1.1202556635000001 2 0.2550564682 1.1202556640000001 2
COORD 0.08682408884999801 1.1424038765 2 0.086824088830000007 1.142403877 2
COORD -0.086824088850001979 1.1424038765 2 -0.086824088830000007 1.142403877 2
COORD -0.25505646814999999 1.1202556635000001 2 -0.2550564682 1.1202556640000001 2
COORD -0.41823237930000001 1.0608644889000001 2 -0.41823237930000001 1.0608644890000001 2
COORD -0.70961940774999999 0.89263210965000006 2 -0.70961940779999999 0.89263210969999995 2
COORD -0.94593873404999995 0.64639380484999998 2 -0.94593873399999995 0.64639380479999997 2
COORD -1.0327628229000001 0.49601007165 2 -1.0327628230000001 0.4960100717 2
COORD -1.0976980973999999 0.33924245095000005 2 -1.0976980970000001 0.339242451 2
COORD -1.0976980973999999 -0.33924245095000005 2 -1.0976980970000001 -0.339242451 2
COORD -1.0327628229000001 -0.49601007165 2 -1.0327628230000001 -0.4960100717 2
COORD -0.94593873404999995 -0.64639380484999998 2 -0.94593873399999995 -0.64639380479999997 2
COORD -0.70961940774999999 -0.89263210965000006 2 -0.70961940779999999 -0.89263210969999995 2
COORD -0.41823237930000001 -1.0608644889000001 2 -0.41823237930000001 -1.0608644890000001 2
COORD -0.25505646814999999 -1.1202556635000001 2 -0.2550564682 -1.1202556640000001 2
COORD -0.086824088849998954 -1.1424038765 2 -0.086824088830000007 -1.142403877 2
COORD 0.086824088850001035 -1.1424038765 2 0.086824088830000007 -1.142403877 2
COORD 0.25505646814999999 -1.1202556635000001 2 0.2550564682 -1.1202556640000001 2
COORD 0.41823237930000001 -1.0608644889000001 2 0.41823237930000001 -1.0608644890000001 2
COORD 0.70961940774999999 -0.89263210965000006 2 0.70961940779999999 -0.89263210969999995 2
COORD 0.94593873404999995 -0.64639380484999998 2 0.94593873399999995 -0.64639380479999997 2
COORD 1.0327628229000001 -0.49601007165 2 1.0327628230000001 -0.4960100717 2
COORD 1.1348974620000001 -0.13930259314999999 1.5760250505000002 1.1348974620000001 -0.13930259319999999 1.5760250499999999
COORD 1.1348974620000001 -0.13930259314999999 1.4093583834999999 1.1348974620000001 -0.13930259319999999 1.4093583839999999
COORD 1.133974359 0.14344515385000001 1.4166666664999998 1.133974359 0.14344515390000001 1.4166666670000001
COORD 1.133974359 0.14344515385000001 1.5833333335000002 1.133974359 0.14344515390000001 1.5833333329999999
COORD 1.1499999999999999 0 1.1666666664999998 1.1499999999999999 0 1.1666666670000001
COORD 1.133974359 -0.14344515385000001 1.0833333335000002 1.133974359 -0.14344515390000001 1.0833333329999999
COORD 1.1499999999999999 0 0.83333333334999993 1.1499999999999999 0 0.83333333330000003
COORD 1.133974359 -0.14344515385000001 0.91666666665000007 1.133974359 -0.1434451538 0.91666666669999997
COORD 1.133974359 -0.14344515385000001 1.25 1.133974359 -0.14344515390000001 1.25
COORD 0.74282480900000003 -0.87779905405000003 0.81936064209999993 0.74282480900000003 -0.87779905410000003 0.81936064210000004
COORD 0.74190799760000004 -0.87855236409999993 0.97485115104999998 0.74190799760000004 -0.87855236410000004 0.97485115109999998
COORD 0.83991873900000003 -0.77272559264999996 0.89950673049999996 0.83991873920000004 -0.77272559259999996 0.89950673049999996
COORD 0.84083555040000002 -0.77197228259999995 0.74401622154999991 0.84083555060000004 -0.77197228259999995 0.74401622150000002
COORD -1.1299006236 0.21188178219999998 1.2448253125000002 -1.1299006229999999 0.21188178220000001 1.244825313
COORD -1.13009489945 0.21062900699999998 1.0709603005499999 -1.1300948989999999 0.21062900700000001 1.0709603009999999
COORD -1.1438846026 0.065182626984999992 1.3171265189999999 -1.1438846030000001 0.065182626980000005 1.3171265190000001
COORD -1.14407887845 0.063929851784999991 1.1432615070500001 -1.144078879 0.063929851800000007 1.1432615070000001
COORD 1.133974359 -0.14344515385000001 0.58333333334999993 1.133974359 -0.14344515390000001 0.58333333330000003
COORD -1.144467613 -0.085489493815000012 1.2283882629999998 -1.144467613 -0.085489493799999997 1.228388263
COORD -0.86388571174999995 -0.75869710349999997 0.98431041060000002 -0.86388571179999996 -0.75869710349999997 0.98431041080000004
COORD -0.86561902769999999 -0.75664015945000007 1.1489278490000001 -0.86561902769999999 -0.75664015949999996 1.1489278489999999
COORD -0.94849977215000003 -0.63456687384999999 1.0667780815000001 -0.94849977220000004 -0.63456687389999999 1.066778081
COORD -1.0295252046500001 -0.51224713644999997 0.98208286499999997 -1.0295252050000001 -0.51224713639999997 0.98208286499999997
COORD -0.94819102669999999 -0.63520754074999997 1.2401714154999999 -0.94819102669999999 -0.63520754079999997 1.2401714159999999
COORD -1.0292164591999999 -0.51288780334999995 1.155476199 -1.0292164589999999 -0.51288780329999994 1.155476199
COORD -0.4021349219 1.06597711045 0.56998642499999996 -0.4021349219 1.0659771099999999 0.56998642499999996
COORD -0.49092682804999999 1.0372409764500001 0.41120482165000005 -0.49092682809999999 1.0372409760000001 0.41120482159999999
COORD -0.54923516520000004 1.0101947339500001 0.53728040489999995 -0.54923516520000004 1.0101947339999999 0.53728040489999995
COORD -1.14409800745 0.065008353924999998 0.98643218754999995 -1.144098007 0.065008353939999999 0.98643218749999995
COORD 1.1153887708000001 -0.27760697550000002 1.5011944755000002 1.1153887709999999 -0.27760697550000002 1.501194476
COORD -1.144486742 -0.084410991675000005 1.0715589434999999 -1.144486742 -0.084410991660000004 1.071558944
COORD 1.133974359 0.14344515385000001 0.58333333334999993 1.133974359 0.14344515390000001 0.58333333330000003
COORD 1.1499999999999999 0 1.8333333335000002 1.1499999999999999 0 1.8333333329999999
COORD 1.1402644895 0.11207757805 1.7212519049999999 1.140264489 0.112077578 1.7212519049999999
COORD 1.1380362255000001 -0.1241361153 1.7092235805 1.138036225 -0.1241361153 1.70922358
COORD -1.0233492231500001 -0.52404695570000004 0.79765990635000006 -1.0233492230000001 -0.52404695570000004 0.79765990630000005
COORD 0.74295811835000003 -0.87767729179999998 1.3160566455 0.74295811830000003 -0.87767729179999998 1.316056645
COORD 0.83945683520000003 -0.77375041369999997 1.2338625965000001 0.83945683540000005 -0.77375041369999997 1.2338625969999999
COORD 0.7426664273000001 -0.87792945104999998 1.14691643735 0.74266642729999999 -0.87792945099999997 1.146916437
COORD -0.64639654364999999 0.94593643589999998 0.15018976044999999 -0.64639654359999998 0.94593643589999998 0.15018976049999999
COORD -0.56541817009999995 0.98547610090000004 0.29968301465000002 -0.56541817009999995 0.98547610090000004 0.29968301460000002
COORD -0.72282552489999996 0.89424861290000002 0.31687334249999999 -0.72282552489999996 0.89424861300000003 0.31687334249999999
COORD -1.14488058385 0.059732182275000004 0.82292704775000003 -1.144880584 0.059732182289999998 0.82292704770000003
COORD -1.1445415258 -0.084041015974999994 0.89833009395000007 -1.144541526 -0.084041015969999994 0.89833009389999996
COORD -0.24694859219999998 1.1230781986 0.98421858369999993 -0.24694859220000001 1.1230781990000001 0.98421858370000004
COORD -0.23920124819999999 1.1248222965999999 1.1517258665000001 -0.23920124819999999 1.1248222969999999 1.151725866
COORD -0.38665756115 1.0733658370999999 1.0692317249999999 -0.3866575612 1.0733658370000001 1.0692317250000001
COORD -0.49667501214999998 -1.0325202711999999 0.1419871284 -0.49667501209999998 -1.0325202710000001 0.1419871284
COORD -0.40590564549999997 -1.0759337107 0.29391827385000002 -0.40590564550000002 -1.0759337099999999 0.29391827390000003
COORD 1.133974359 -0.14344515385000001 0.75 1.133974359 -0.1434451538 0.75
COORD -0.23657018790000001 -1.1252634426999999 1.4064266970000001 -0.23657018790000001 -1.1252634429999999 1.4064266969999999
COORD -0.082259200259999998 -1.1409324612 1.4543539669999999 -0.082259200239999997 -1.140932461 1.4543539670000001
COORD -0.072382953999999999 -1.1406756127 1.3004825090000001 -0.072382953969999997 -1.140675613 1.3004825090000001
COORD 1.1131410256500001 0.28627129135000001 1.5 1.1131410260000001 0.28627129140000002 1.5
COORD -0.53891679400000003 -1.0153470219 0.57655134420000009 -0.53891679400000003 -1.015347022 0.57655134419999998
COORD -0.64323903790000003 -0.95039333290000005 0.46650228000000005 -0.64323903790000003 -0.95039333280000005 0.46650227999999999
COORD -0.46153203409999999 -1.0513965971999999 0.41800216670000001 -0.46153203409999999 -1.0513965970000001 0.41800216670000001
COORD -0.39716621284999998 1.0687614300999999 0.71440873549999995 -0.39716621289999998 1.0687614299999999 0.71440873549999995
COORD -0.54426645614999991 1.0129790536000001 0.68170271539999994 -0.54426645620000003 1.012979053 0.68170271540000005
COORD -1.0779686820999999 -0.36715500700000003 1.5755871634999998 -1.0779686820000001 -0.36715500699999998 1.575587163
COORD -1.0425989776 -0.48213126525 1.6933901109999998 -1.042598978 -0.48213126519999999 1.693390111
COORD -1.0865576577 -0.35019588889999997 1.3986745334999999 -1.086557658 -0.35019588889999997 1.3986745330000001
COORD -1.0511879531999999 -0.46517214714999999 1.5164774809999999 -1.0511879529999999 -0.46517214709999999 1.5164774809999999
COORD -1.1425962521000002 -0.085725914600002506 0.10211827185 -1.1425962519999999 -0.085725914599999994 0.1021182719
COORD -1.1370354120999999 -0.17056793954999999 0.2489637166 -1.1370354119999999 -0.17056793949999999 0.2489637166
COORD -1.1375840936000001 -0.0051611310499999896 0.24986344199999999 -1.1375840939999999 -0.00516113105 0.24986344199999999
COORD 1.10826049655 -0.30172547399999999 0.67846242960000003 1.1082604970000001 -0.30172547399999999 0.67846242960000003
COORD 1.10826049655 -0.30172547399999999 0.51179576295000007 1.1082604970000001 -0.30172547399999999 0.51179576299999996
COORD 0.93933241155000002 -0.66284934484999991 0.81238095664999999 0.93933241170000004 -0.66284934480000002 0.81238095669999999
COORD 0.070147769639999996 -1.1464926016999999 1.4106976059999998 0.070147769619999994 -1.1464926019999999 1.410697606
COORD 0.080024015899999995 -1.1462357532 1.256826148 0.080024015889999994 -1.146235753 1.256826148
COORD 0.49266541455000001 -1.0376120744500001 0.97775020650000011 0.49266541450000001 -1.0376120740000001 0.9777502065
COORD 0.49603910370000004 -1.0362200214000001 0.81299101465000001 0.49603910369999998 -1.0362200210000001 0.81299101460000001
COORD 0.62060566439999998 -0.96141453124999998 0.89019937670000004 0.62060566439999998 -0.96141453119999998 0.89019937670000004
COORD -1.0384112185999999 0.49400321429999999 1.2422473715 -1.0384112190000001 0.49400321429999999 1.2422473709999999
COORD -0.95935614260000002 0.62272305299999997 1.1526705925 -0.95935614250000001 0.62272305299999997 1.152670592
COORD -0.86962738080000002 0.75022165269999996 1.2354960675000002 -0.86962738070000001 0.75022165269999996 1.235496068
COORD -0.94868245679999996 0.62150181399999993 1.3250728464999999 -0.94868245679999996 0.62150181400000004 1.3250728469999999
COORD 1.11308427165 0.28652189290000002 1.3331827445 1.113084272 0.28652189290000002 1.3331827439999999
COORD 0.75425559134999998 -0.86768658509999996 0.63652432624999999 0.75425559139999998 -0.86768658509999996 0.6365243263
COORD -1.1445931838000001 -0.080373115895 0.71131477544999999 -1.1445931840000001 -0.080373115889999999 0.71131477539999999
COORD -1.1449322418499999 0.063400082354999998 0.63591172925000006 -1.1449322420000001 0.063400082369999999 0.63591172920000005
COORD 1.133974359 -0.14344515385000001 0.41666666664999996 1.133974359 -0.14344515390000001 0.41666666670000002
COORD 1.1339176050000002 0.14369575540000001 1.0831827445 1.1339176049999999 0.14369575540000001 1.0831827439999999
COORD -1.1249940457999998 -0.2316306447 0.81357698020000002 -1.1249940460000001 -0.2316306447 0.81357698020000002
COORD -1.08093880065 -0.37532223060000003 0.89896411374999996 -1.0809388010000001 -0.37532223059999997 0.89896411369999996
COORD -1.1249392619999998 -0.23200062040000002 0.98680582974999997 -1.1249392620000001 -0.2320006204 0.98680582979999998
COORD -1.13996129785 0.15128449455000001 0.47579625440000001 -1.139961298 0.15128449460000001 0.47579625440000001
COORD -1.12695159485 0.2227185022 0.59810380839999999 -1.126951595 0.2227185022 0.59810380839999999
COORD 1.1339000700000001 0.14377308955000001 0.91714108345000001 1.1339000699999999 0.14377308959999999 0.9171410834
COORD 0.47106662955 1.04835641195 1.234274893 0.4710666295 1.048356412 1.234274893
COORD 0.47572512054999999 1.0464504638499998 1.07185184365 0.47572512049999999 1.0464504640000001 1.071851844
COORD 0.33956682029999996 1.0947560378499999 0.98624553614999999 0.33956682030000002 1.0947560380000001 0.98624553619999999
COORD 0.33490832930000003 1.09666198595 1.1486685855000001 0.33490832929999997 1.096661986 1.1486685860000001
COORD 0.99438634994999997 0.57381090169999993 1.1912226079999999 0.99438634979999996 0.57381090170000004 1.1912226079999999
COORD 0.92480914744999998 0.68196965765000006 1.0838095664999998 0.92480914719999996 0.68196965759999995 1.083809566
COORD 1.00094796795 0.56060733559999998 1.0041171 1.000947968 0.56060733559999998 1.0041171
COORD -1.0225052472 -0.52568314274999994 1.3466018494999998 -1.022505247 -0.52568314270000005 1.3466018500000001
COORD -0.3864871963 1.0734494036 0.89972883854999997 -0.3864871963 1.0734494029999999 0.89972883859999997
COORD -0.25555071315 1.1210246281 0.79671021205000003 -0.2555507132 1.121024628 0.79671021210000004
COORD -0.52810269599999993 1.0211862056000001 0.81742736199999999 -0.52810269600000004 1.021186205 0.81742736199999999
COORD -1.1386800385 0.1597355774 0.30048471960000001 -1.1386800379999999 0.1597355774 0.30048471960000001
COORD -1.1256703355 0.23116958505000001 0.42279227359999999 -1.1256703349999999 0.23116958500000001 0.42279227359999999
COORD 0.35939199584999998 -1.0896830349000002 0.89820805954999994 0.35939199579999997 -1.089683035 0.89820805950000004
COORD 0.22719585425 -1.12454489415 0.79469964329999998 0.22719585419999999 -1.124544894 0.79469964329999998
COORD 0.35942712069999999 -1.0896736964 0.7125712179 0.35942712069999999 -1.0896736970000001 0.7125712179
COORD 0.22723097910000001 -1.1245355556500001 0.60906280164999993 0.22723097910000001 -1.1245355560000001 0.60906280170000004
COORD -0.49402162645000003 1.0354688794 0.14949325420000001 -0.49402162649999998 1.035468879 0.14949325420000001
COORD -0.41503274150000002 1.0723021081500002 0.29317170795000003 -0.41503274150000002 1.0723021079999999 0.29317170790000002
COORD -0.77031262599999994 -0.84551018924999999 0.60140498059999992 -0.77031262599999994 -0.8455101894 0.60140498060000003
COORD -0.86077708534999997 -0.76251327074999997 0.53907311425000004 -0.86077708529999997 -0.76251327079999998 0.53907311430000004
COORD -0.77226231675000001 -0.84402901274999997 0.42889570305000002 -0.77226231670000001 -0.84402901269999997 0.42889570300000002
COORD -0.32624083535000004 1.10103824215 0.45195331129999999 -0.32624083529999998 1.101038242 0.45195331129999999
COORD 0.56574256965000003 -0.98658962905000003 0.30759592810000003 0.56574256960000002 -0.98658962890000002 0.30759592810000003
COORD 0.46044671410000004 -1.0534092552500001 0.41476642865000002 0.46044671409999999 -1.053409255 0.41476642870000002
COORD 0.52846359760000006 -1.0206910997500001 0.53474495619999995 0.52846359759999995 -1.0206911000000001 0.53474495619999995
COORD 0.63375945315000004 -0.95387147355000002 0.42757445564999996 0.63375945320000004 -0.95387147350000001 0.42757445560000001
COORD -0.56479267769999997 -0.98698774090000008 1.6799456175 -0.56479267769999997 -0.98698774089999997 1.679945617
COORD -0.45834098850000005 -1.0528908579 1.5660041594999998 -0.45834098849999999 -1.052890858 1.5660041600000001
COORD -0.60872472170000003 -0.96606676905 1.5660041594999998 -0.60872472170000003 -0.96606676889999998 1.5660041600000001
COORD -0.71517641090000006 -0.90016365205000004 1.6799456175 -0.71517641089999995 -0.90016365210000004 1.679945617
COORD -0.52990904979999998 1.0201825745000002 0.98852194405000005 -0.52990904979999998 1.0201825739999999 0.98852194400000004
COORD -0.53007941464999997 1.0200990079999999 1.1580248305 -0.53007941459999997 1.0200990080000001 1.15802483
COORD 0.34169712014999998 1.0938661451 0.82198916075000006 0.34169712009999997 1.093866145 0.82198916079999995
COORD 0.47408776105 1.04724318935 0.90790272525000004 0.474087761 1.047243189 0.90790272530000005
COORD 0.47621806089999996 1.0463532966 0.74364634985 0.47621806090000002 1.0463532959999999 0.74364634979999999
COORD 0.19498821321499998 1.1307267857500001 0.8987048916 0.19498821320000001 1.1307267860000001 0.8987048916
COORD 1.1130241222999999 -0.28557253780000003 1.3443800800000001 1.113024123 -0.28557253780000003 1.3443800800000001
COORD 1.1121010193 -0.28971509849999999 1.1850216965 1.112101019 -0.28971509849999999 1.185021696
COORD 0.91590396679999997 0.69484449680000004 1.2726401429999998 0.91590396659999995 0.69484449680000004 1.2726401430000001
COORD 0.98548116929999996 0.58668574084999991 1.3800531844999999 0.98548116919999995 0.58668574090000003 1.3800531840000001
COORD 1.11125696575 -0.29244620519999998 1.0272250005000001 1.111256966 -0.29244620519999998 1.0272250000000001
COORD 1.11125696575 -0.29244620519999998 0.86055833365000001 1.111256966 -0.29244620519999998 0.8605583336
COORD -0.37273195139999998 1.0792702730500001 1.4340259445000001 -0.37273195139999998 1.0792702729999999 1.4340259449999999
COORD -0.53641931334999993 1.016498439 1.3062389175 -0.53641931330000003 1.016498439 1.3062389169999999
COORD -0.38389639624999999 1.0739232430499999 1.2649709549999999 -0.38389639619999999 1.0739232430000001 1.2649709549999999
COORD -0.85790951780000002 -0.76578747979999995 1.4387223864999998 -0.85790951780000002 -0.76578747979999995 1.4387223870000001
COORD -0.76935810934999993 -0.84720663815000008 1.5510333924999999 -0.76935810930000004 -0.84720663819999997 1.5510333919999999
COORD -0.76723101345 -0.84881944765000006 1.3734007355 -0.76723101339999999 -0.84881944750000005 1.373400736
COORD -1.1301726358999999 -0.2107667111 1.4834500529999999 -1.130172636 -0.2107667111 1.4834500530000001
COORD 0.19624147615999998 1.13060665505 1.0647977735 0.19624147619999999 1.130606655 1.064797773
COORD -0.53604636345000001 -1.0167963504999999 1.398494884 -0.5360463634 -1.0167963499999999 1.398494884
COORD 0.60139813070000003 0.97047793599999999 0.82391781284999999 0.60139813070000003 0.97047793589999998 0.82391781279999998
COORD 0.59744992795000007 0.96958206734999997 0.99382182509999994 0.59744992799999996 0.96958206739999997 0.99382182509999994
COORD 1.133974359 0.14344515385000001 0.41666666664999996 1.133974359 0.14344515390000001 0.41666666670000002
COORD -1.0139162715999999 -0.54264226085 1.5235144795 -1.0139162719999999 -0.54264226090000001 1.52351448
COORD -0.25093373125000001 1.1219475888999999 0.61164155354999994 -0.25093373130000002 1.1219475889999999 0.61164155350000005
COORD -1.09140757905 0.34929194660000001 0.54176330049999999 -1.091407579 0.34929194660000001 0.54176330049999999
COORD -1.09469670155 0.33489950354999998 0.68580741469999995 -1.094696702 0.33489950359999998 0.68580741469999995
COORD -1.13024071735 0.20832605915000002 0.74214792260000007 -1.130240717 0.2083260592 0.74214792259999995
COORD -0.86478481224999992 -0.75771876044999997 0.81812344655000002 -0.86478481230000004 -0.75771876039999997 0.81812344660000003
COORD 0.82140986160000007 0.78573074934999998 1.00015154695 0.82140986159999996 0.78573074939999998 1.000151547
COORD 0.92297765544999999 0.68426725080000006 0.92127050455000004 0.9229776556 0.68426725079999995 0.92127050430000001
COORD 1.00365731585 -0.55160840349999996 1.378698499 1.003657316 -0.55160840349999996 1.378698499
COORD 1.00922725085 -0.53886757289999998 1.562965589 1.009227251 -0.53886757289999998 1.562965589
COORD 1.0732462393 -0.40502819570000004 1.424714147 1.0732462389999999 -0.40502819569999998 1.424714147
COORD 1.0788161743 -0.39228736509999995 1.6089812370000001 1.078816174 -0.39228736510000001 1.6089812370000001
COORD 0.22625333959999999 -1.1244990986999999 1.373100225 0.22625333959999999 -1.1244990989999999 1.373100225
COORD 0.21086117199999999 -1.11252573595 1.1481842835 0.21086117200000001 -1.112525736 1.148184283
COORD 0.35709049569999995 -1.0907890814500001 1.2644583604999999 0.35709049570000001 -1.0907890819999999 1.2644583599999999
COORD 0.21029918059 -1.1263035406999999 0.97816391925000001 0.2102991806 -1.126303541 0.97816391920000001
COORD 0.82632809144999997 0.79135331545000009 0.83095587029999995 0.82632809159999998 0.79135331549999999 0.83095587029999995
COORD 0.82788713915000001 0.78928125395000004 1.163842429 0.82788713889999999 0.78928125390000003 1.163842429
COORD 0.7244878533000001 0.89304234565000007 1.0801844094500002 0.72448785329999998 0.89304234569999996 1.08018441
COORD 0.99701159134999995 0.56996677070000001 0.63986835205000003 0.99701159110000004 0.56996677070000001 0.63986835200000003
COORD 1.0038598453500001 0.55620314124999992 0.8318099482500001 1.003859845 0.55620314130000004 0.83180994809999997
COORD 1.0644021481499999 0.42578583669999998 0.91997168920000005 1.0644021480000001 0.42578583669999998 0.91997168900000004
COORD 1.05755389415 0.43954946615000001 0.72803009299999999 1.057553894 0.43954946610000001 0.72803009299999999
COORD -0.086905446230500005 -1.1414864661999999 0.52484812049999996 -0.086905446210000001 -1.1414864659999999 0.52484812049999996
COORD -0.099464033830500009 -1.1389745689999999 0.66861243139999993 -0.099464033820000006 -1.1389745689999999 0.66861243140000004
COORD 0.065074488019499999 -1.1463441731499999 0.56845202709999998 0.065074488 -1.1463441729999999 0.56845202709999998
COORD -0.95104203300000001 0.62010475445000002 0.98623299085000005 -0.9510420329 0.62010475450000002 0.98623299090000005
COORD -0.87276252350000005 0.74699793655000002 0.9064685078500001 -0.87276252330000004 0.74699793650000001 0.9064685079
COORD -0.87294748500000008 0.74676325205000005 1.06640694185 -0.87294748489999996 0.74676325210000005 1.066406942
COORD -0.96191176429999992 0.61729016454999996 0.82446061605000009 -0.96191176410000001 0.61729016459999997 0.82446061609999999
COORD -1.0401912738000001 0.49039698245000002 0.90422509905000004 -1.0401912740000001 0.49039698250000002 0.90422509900000003
COORD -0.64249805264999993 -0.95089323349999999 1.512436342 -0.64249805260000004 -0.9508932336 1.512436342
COORD -0.87427035394999997 -0.74706860799999997 0.67624910804999994 -0.87427035389999996 -0.74706860799999997 0.67624910810000005
COORD -0.95085312089999996 -0.63449174580000001 0.5717483713 -0.95085312079999995 -0.63449174580000001 0.5717483713
COORD -1.12945814095 0.21360223080000001 0.90565306239999999 -1.129458141 0.21360223079999999 0.90565306239999999
COORD 0.56946638095000002 -0.98491230945000008 1.6805328909999999 0.56946638090000001 -0.98491230959999998 1.6805328909999999
COORD 0.4592230517 -1.05414980495 1.5673156050000001 0.4592230517 -1.054149805 1.5673156049999999
COORD 0.52401083544999993 -1.02274661045 1.4372122475 0.52401083540000004 -1.02274661 1.437212248
COORD 0.63425416469999996 -0.9535091149499999 1.5504295335 0.63425416469999996 -0.9535091148 1.5504295340000001
COORD -1.13779555425 -0.16607913629999999 0.38636402680000004 -1.137795554 -0.16607913630000001 0.38636402679999998
COORD -1.1433151797500001 -0.088556739995000008 0.54737922704999997 -1.1433151800000001 -0.088556739989999994 0.54737922699999997
COORD -1.13834423575 -0.00067232779999999714 0.38726375219999998 -1.138344236 -0.0006723277974 0.38726375219999998
COORD -0.64128934714999997 -0.95187450940000007 0.63901155754999994 -0.64128934709999996 -0.95187450949999997 0.63901155759999995
COORD 0.3518307564 1.0914122555999999 0.63270074080000005 0.3518307564 1.0914122550000001 0.63270074080000005
COORD 0.20512184946500001 1.1282728962499999 0.70941647164999999 0.20512184950000001 1.1282728959999999 0.70941647159999999
COORD 0.49300340780000002 -1.0374333759500001 1.1473415705000001 0.49300340780000002 -1.0374333760000001 1.1473415709999999
COORD 0.62094365765000004 -0.96123583275000002 1.0597907407 0.62094365770000004 -0.96123583260000001 1.059790741
COORD -0.51741153549999996 -1.0255738884000001 0.71268866365000005 -0.51741153549999996 -1.025573888 0.71268866360000005
COORD -0.39132616614999999 -1.0677941009 0.60927612639999995 -0.39132616619999999 -1.0677941010000001 0.60927612639999995
COORD 0.59116438544999994 0.97278401795000002 1.3167323385 0.59116438540000005 0.97278401800000003 1.3167323390000001
COORD 0.72286080180000001 0.89433834815000002 1.2406718735000002 0.72286080180000001 0.89433834810000001 1.240671874
COORD 0.60276304589999996 0.96991074214999995 1.158214428 0.60276304589999996 0.96991074190000004 1.158214428
COORD 0.35601830670000001 -1.0910750879500002 1.0629672513999999 0.35601830670000001 -1.091075088 1.0629672509999999
COORD 0.34026106764999997 1.0953872494499999 1.3425071640000001 0.34026106760000002 1.0953872490000001 1.3425071639999999
COORD 0.48723454305000002 1.0402206254499999 1.3770858074999999 0.48723454300000002 1.0402206249999999 1.3770858070000001
COORD 0.71150636180000004 -0.90316611455000007 0.31034029634999999 0.71150636180000004 -0.90316611440000005 0.31034029639999999
COORD -0.86420051740000003 0.75860901845000006 0.58314591164999996 -0.86420051740000003 0.75860901839999995 0.58314591169999996
COORD -0.92253158125000001 0.67941179414999997 0.42459501840000002 -0.92253158130000001 0.67941179409999997 0.42459501840000002
COORD -0.95215960515000009 0.62122355640000004 0.54966743885000002 -0.95215960519999998 0.62122355640000004 0.54966743880000002
COORD 0.83613691350000008 -0.77648971225000007 1.3722807385 0.83613691349999997 -0.77648971229999997 1.3722807379999999
COORD 0.74401841005000002 -0.87680226205 1.486601208 0.74401841000000002 -0.87680226210000001 1.486601208
COORD -0.76908374834999993 0.85232828309999997 1.1561354210500001 -0.76908374830000004 0.85232828289999996 1.1561354210000001
COORD -0.76548109070000003 0.85523622109999997 1.3232031165 -0.76548109070000003 0.85523622109999997 1.323203117
COORD 0.92588953284999997 0.67986305645 0.74896335280000004 0.92588953299999999 0.6798630564 0.74896335280000004
COORD 0.06514204589 -1.1477541887 1.0633809513500001 0.06514204589 -1.147754189 1.0633809510000001
COORD -0.63912346394999997 -0.95330936184999993 0.98067973104999995 -0.63912346399999997 -0.95330936160000002 0.98067973100000005
COORD -0.63961490814999999 -0.95293869035000001 1.1396317328000001 -0.63961490809999999 -0.95293869019999999 1.1396317330000001
COORD -0.51544236409999999 -1.0265971973500001 1.0585348723000001 -0.51544236409999999 -1.0265971970000001 1.0585348720000001
COORD -1.14314925215 0.090525146790000011 1.629398277 -1.1431492519999999 0.090525146789999997 1.629398277
COORD -1.1423500854999999 -0.078461939959999991 1.6709006844999998 -1.1423500849999999 -0.078461939940000003 1.670900684
COORD -1.1372975400000001 -0.1681392941 1.7625839024999999 -1.1372975400000001 -0.1681392941 1.762583902
COORD -1.1380967066500001 0.00084779265000001214 1.721081495 -1.1380967070000001 0.00084779264440000004 1.721081495
COORD -1.1436509825000001 0.071851165204999998 0.46060019445 -1.1436509829999999 0.071851165209999998 0.4606001945
COORD -0.23404387015 -1.1257446427 0.56861686680000001 -0.2340438701 -1.125744643 0.56861686680000001
COORD -0.24660245775 -1.1232327455 0.71238117769999998 -0.24660245780000001 -1.123232746 0.71238117769999998
COORD 0.99728870849999995 -0.55834630689999998 0.41108666765000001 0.99728870879999998 -0.55834630689999998 0.41108666760000001
COORD 1.0695621070499999 -0.41932920414999997 0.41654747235 1.0695621070000001 -0.41932920410000002 0.4165474723
COORD 1.00860444255 -0.52842076514999992 0.5369483974 1.008604442 -0.52842076510000002 0.5369483974
COORD 0.64615088295000001 0.94614243854999991 0.10493797345 0.6461508829 0.94614243850000002 0.1049379735
COORD 0.56989511399999992 0.9837476220500001 0.2517834182 0.56989511400000004 0.9837476222 0.2517834182
COORD 0.72141602289999995 0.89536635405000009 0.27237059694999999 0.72141602289999995 0.89536635379999996 0.27237059699999999
COORD 0.80919931624999997 0.8118631837000001 0.69038662829999997 0.80919931619999996 0.81186318369999999 0.69038662829999997
COORD 0.90876075764999997 0.70037292470000001 0.60839411079999994 0.90876075769999998 0.70037292470000001 0.60839411080000005
COORD 0.6217020873500001 -0.96061291970000007 1.2318560270000001 0.62170208739999999 -0.96061291959999995 1.2318560270000001
COORD -1.0374506906000001 0.4960645554 1.0724966414999999 -1.03745069 0.4960645554 1.0724966410000001
COORD -0.64037095675 -0.95250604300000008 1.334803685 -0.64037095669999999 -0.95250604289999996 1.334803685
COORD 0.70229748804999992 0.91046239380000005 1.3771354760000001 0.70229748800000003 0.91046239380000005 1.3771354760000001
COORD -0.64833418285 0.94601348845 0.42839514950000002 -0.64833418279999999 0.9460134885 0.42839514950000002
COORD -0.65379919189999991 0.94090048900000001 1.07293942055 -0.65379919190000002 0.94090048869999998 1.0729394210000001
COORD -0.65019653425000001 0.94380842700000001 1.2400071160000001 -0.65019653420000001 0.9438084269 1.2400071159999999
COORD 0.20159421450999998 1.1293319185500001 1.2586363519999999 0.20159421450000001 1.1293319180000001 1.2586363519999999
COORD 0.83783442090000004 -0.77385114654999998 1.0458058133499999 0.83783442090000004 -0.77385114659999998 1.0458058130000001
COORD 0.93462482879999997 -0.66967210919999998 1.1327519724999999 0.93462482899999999 -0.66967210919999998 1.132751973
COORD 0.93584516230000003 -0.66802437510000001 0.97046139279999999 0.93584516250000005 -0.66802437510000001 0.97046139259999997
COORD -0.75935391885000003 -0.85757259875000003 1.2234957565 -0.75935391880000003 -0.85757259860000001 1.223495757
COORD -0.7588624746499999 -0.85794327024999995 1.0645437547499998 -0.75886247470000001 -0.85794327000000004 1.0645437550000001
COORD -0.099087595767999997 1.1403879270499999 1.4106213759999999 -0.099087595779999996 1.1403879269999999 1.4106213759999999
COORD 0.062108970932000004 1.1459320362500001 1.4445051735000001 0.06210897093 1.145932036 1.444505173
COORD -0.0975134710007 1.14038972105 1.2648120244999999 -0.097513471010000005 1.140389721 1.264812024
COORD 0.063683095699300002 1.14593383025 1.298695822 0.063683095689999997 1.1459338299999999 1.298695822
COORD 0.59836764565 0.97789900129999996 1.4374889450000001 0.5983676456 0.97789900110000005 1.4374889449999999
COORD 0.49728166260000001 -1.0341381294000001 0.14384979445000001 0.49728166260000001 -1.034138129 0.14384979449999999
COORD 0.64304545474999997 -0.95071461490000009 0.1465941627 0.64304545469999996 -0.95071461469999996 0.1465941627
COORD 1.0334362451999999 -0.50031220809999999 1.7103661749999999 1.0334362450000001 -0.50031220809999999 1.7103661750000001
COORD -1.0807835241500001 -0.375938198 1.064966876 -1.0807835240000001 -0.375938198 1.064966876
COORD -1.1247839855000001 -0.2326165878 1.152808592 -1.1247839850000001 -0.2326165878 1.152808592
COORD 0.078909118629999997 -1.14609319265 0.71426407010000004 0.078909118609999995 -1.1460931919999999 0.71426407010000004
COORD -0.77240385254999999 0.84886988245000006 0.98704629540000011 -0.77240385249999999 0.84886988220000004 0.9870462954
COORD -0.23644008329999999 1.1253797025500001 1.3474650965000001 -0.23644008329999999 1.1253797029999999 1.3474650960000001
COORD -1.04057001605 0.48845570745 0.58333183069999994 -1.040570016 0.4884557075 0.58333183070000005
COORD -0.25585313999999998 1.1142850906500001 0.29052389849999999 -0.25585313999999998 1.1142850909999999 0.29052389849999999
COORD -0.18054603590000001 1.1351944374 0.45021214074999999 -0.18054603590000001 1.135194437 0.45021214069999999
COORD 1.05775172635 0.43928629505 1.2728872595 1.057751726 0.4392862951 1.272887259
COORD 1.0643133443499999 0.42608272894999999 1.0857817514999999 1.0643133440000001 0.42608272899999999 1.0857817510000001
COORD 0.22670646900000002 1.1257570050500001 0.5719114568 0.22670646899999999 1.1257570050000001 0.5719114568
COORD 0.15324140835 1.1397367380499999 0.41278845070000003 0.1532414084 1.1397367380000001 0.41278845069999998
COORD 0.34134586524999999 1.0956815530999999 0.45714420384999999 0.34134586519999999 1.0956815529999999 0.45714420379999998
COORD 0.26788080460000002 1.1096612860999999 0.29802119775000002 0.26788080460000002 1.1096612859999999 0.29802119780000003
COORD -1.0867640087999999 0.35243345710000001 0.82342428140000001 -1.0867640089999999 0.35243345710000001 0.82342428140000001
COORD -1.138131357 -0.0056712310999999932 0.29958499420000001 -1.138131357 -0.0056712310860000002 0.29958499420000001
COORD 1.1339000700000001 0.14377308955000001 0.75047441679999993 1.1339000699999999 0.14377308959999999 0.75047441680000004
COORD 0.62152247579999997 -0.96066122120000008 0.73470886774999999 0.62152247579999997 -0.96066122109999996 0.73470886769999999
COORD 1.1251914636 0.2339210424 1.7671826715000001 1.125191464 0.2339210424 1.767182671
COORD 1.1189013331 0.26528861819999999 1.6292640999999999 1.1189013329999999 0.26528861819999999 1.6292641000000001
COORD -1.034993751 0.50082647050000006 1.4124317385 -1.034993751 0.50082647049999995 1.4124317390000001
COORD 1.1129033558500001 0.28712744810000002 1.1661082524999999 1.1129033559999999 0.28712744810000002 1.1661082519999999
COORD 0.63319387299999996 -0.95438414469999999 1.3798849710000001 0.63319387299999996 -0.95438414449999998 1.3798849710000001
COORD -0.38163449800000004 -1.0732975637 0.53589208460000004 -0.38163449799999999 -1.073297564 0.53589208460000004
COORD -0.32600810940000002 -1.0978346771999998 0.41180819175000005 -0.32600810940000002 -1.097834677 0.4118081918
COORD -1.07885938065 -0.38408452879999999 0.57918543420000002 -1.078859381 -0.38408452879999999 0.57918543420000002
COORD -1.0696162704500001 -0.40242063935000005 0.41553728615000002 -1.0696162709999999 -0.4024206394 0.41553728620000002
COORD -1.04287518545 -0.48150571615000004 0.29801127449999998 -1.042875185 -0.48150571609999998 0.29801127449999998
COORD -1.0521182956500001 -0.46316960559999998 0.46165942255000003 -1.052118296 -0.46316960559999998 0.46165942259999998
COORD -1.0828854059499999 0.35156575615000002 0.98645388005000001 -1.0828854059999999 0.35156575620000002 0.98645388010000001
COORD -1.0846601841000001 0.35512780624999996 1.157003062 -1.0846601840000001 0.35512780630000002 1.157003062
COORD 0.42014961854999999 1.07048486175 1.6772195755000001 0.42014961849999999 1.070484862 1.6772195750000001
COORD 0.49026295404999998 1.0369776949 1.8499122730000002 0.49026295399999997 1.036977695 1.8499122729999999
COORD 0.65047499065000003 0.94498905090000007 1.8294734639999999 0.65047499070000003 0.94498905079999995 1.8294734640000001
COORD 0.58036165514999993 0.97849621775000006 1.6567807664999998 0.58036165510000004 0.97849621769999995 1.6567807670000001
COORD -0.51631116145 -1.0262041553499999 0.89927936554999999 -0.5163111614 -1.0262041550000001 0.89927936549999998
COORD -0.37441352859999999 -1.07176531035 0.97891419245 -0.37441352859999999 -1.07176531 0.9789141925
COORD -0.87349612229999996 -0.74788700834999999 1.2988328280000001 -0.87349612229999996 -0.7478870084 1.2988328280000001
COORD -0.40761387734999999 -1.0752541394000001 1.6970485915 -0.40761387729999998 -1.0752541390000001 1.697048592
COORD -0.4866038057 -1.0384205309000001 1.8472403559999999 -0.4866038057 -1.0384205310000001 1.8472403559999999
COORD -0.64378260605000004 -0.95015413240000002 1.830137382 -0.64378260600000003 -0.95015413240000002 1.830137382
COORD -0.76990872344999994 0.85088836894999997 0.83093886800000005 -0.76990872340000005 0.85088836899999998 0.83093886800000005
COORD -0.71503080795000007 -0.9003157302 0.30946100440000002 -0.71503080789999995 -0.90031573009999999 0.30946100440000002
COORD 0.72356215275000002 0.89377200300000004 0.75284714549999998 0.72356215270000002 0.89377200310000005 0.75284714549999998
COORD 0.070027815472499991 1.1452610485500001 0.53275517834999997 0.070027815490000006 1.1452610480000001 0.53275517839999997
COORD 0.048443195937500003 1.1477769397499999 0.67026019320000008 0.048443195940000003 1.14777694 0.67026019319999997
COORD -0.094342648727500006 1.1407538519 0.56623639910000001 -0.094342648749999994 1.140753852 0.56623639910000001
COORD -0.94781034279999998 -0.63836261034999997 1.4052632620000001 -0.94781034279999998 -0.63836261039999997 1.4052632620000001
COORD -0.65653643295000008 0.94020785799999995 1.3882212030000001 -0.65653643289999997 0.94020785790000005 1.3882212030000001
COORD -0.74716094740000005 0.87319179294999993 1.5027518629999999 -0.74716094740000005 0.87319179290000004 1.5027518630000001
COORD -0.092306063127500004 1.1407463958999999 0.71223494205000004 -0.092306063150000006 1.1407463959999999 0.71223494200000004
COORD -0.096923045027500002 1.1398234351000001 0.89730360054999991 -0.096923045050000003 1.1398234350000001 0.89730360050000002
COORD -1.1308668645 -0.20623361179999999 1.3131229154999999 -1.1308668639999999 -0.20623361179999999 1.3131229149999999
COORD 0.49584832175000004 1.0364706915999999 0.60556282025000008 0.49584832169999998 1.0364706910000001 0.60556282029999997
COORD 0.48536343060000003 1.0407399891 0.43000628330000001 0.48536343059999998 1.040739989 0.43000628330000001
COORD -0.77903156925000006 0.84103210545000007 0.64479258230000003 -0.77903156929999995 0.84103210549999996 0.64479258230000003
COORD -0.77289933405 0.84590730695000005 0.4718726312 -0.7728993341 0.84590730700000005 0.4718726312
COORD -0.65446641804999994 0.94113828695000001 0.60131510060000004 -0.65446641809999995 0.94113828700000002 0.60131510060000004
COORD 1.0579326421499999 0.43868073985 1.4399617515000001 1.0579326419999999 0.43868073990000001 1.439961751
COORD 0.94442286185000002 0.65557182454999996 0.48253473275000003 0.94442286210000004 0.65557182449999996 0.48253473270000002
COORD 0.94998034445000001 0.64687420250000005 0.30334837705000001 0.94998034460000003 0.64687420250000005 0.303348377
COORD 0.91431824024999997 0.69167530264999999 0.42920775509999998 0.91431824029999997 0.69167530259999999 0.42920775509999998
COORD 1.1141307279500001 0.28290791355 0.50621927180000004 1.1141307279999999 0.2829079136 0.50621927180000004
COORD 1.1140564389500001 0.28323584925 0.67336035525000004 1.1140564390000001 0.28323584930000001 0.67336035520000004
COORD -0.24957564095000001 -1.1225884967499999 1.255595706 -0.24957564099999999 -1.122588497 1.255595706
COORD -0.085388407050000004 -1.13800066675 1.149651518 -0.085388407070000005 -1.138000667 1.149651518
COORD 0.062012444970000004 -1.1478518391999999 0.89772834605000007 0.062012444969999997 -1.1478518390000001 0.89772834599999995
COORD -1.1449878414999999 0.080564783550000726 0.14774517014999999 -1.1449878410000001 0.080564783550000005 0.1477451702
COORD -0.085629403220000011 -1.1387235885 0.81442447439999999 -0.085629403209999996 -1.138723588 0.81442447439999999
COORD 0.40463443040000002 -1.0757201034999999 0.29067180540000004 0.40463443040000002 -1.0757201030000001 0.29067180539999998
COORD 0.62198628880000006 0.95979979130000004 0.52008925159999997 0.62198628879999995 0.95979979120000003 0.52008925159999997
COORD 0.72019384765000005 0.89638725230000005 0.4126338141 0.72019384769999995 0.89638725210000003 0.4126338141
COORD 0.58357098945000008 0.97732745009999999 0.32255084579999999 0.58357098949999997 0.97732744989999998 0.32255084579999999
COORD 0.50068249905000006 -1.0327278714000001 1.853725311 0.50068249899999995 -1.0327278719999999 1.853725311
COORD 1.1129746246500001 0.28690789 0.83425652914999993 1.1129746250000001 0.28690789 0.83425652910000003
COORD -1.13764220315 0.16700502285000002 1.7327250910000001 -1.137642203 0.16700502280000001 1.7327250910000001
COORD -0.95819319949999993 0.62666773349999993 1.6321572925000001 -0.95819319960000005 0.62666773350000005 1.6321572929999999
COORD -0.853561762 0.76529864884999999 1.724347147 -0.85356176220000002 0.76529864879999998 1.724347147
COORD -0.94586720440000005 0.64934979540000004 1.7717092095 -0.94586720459999996 0.64934979540000004 1.77170921
COORD -1.0804747787 -0.37657886490000003 1.23836021 -1.0804747779999999 -0.37657886489999998 1.23836021
COORD -0.88188536929999994 0.73714167305 0.72032222215000008 -0.88188536910000004 0.73714167310000001 0.72032222219999997
COORD 0.72950162860000001 -0.88899365895000004 1.665704517 0.72950162860000001 -0.88899365900000005 1.665704517
COORD 1.0025690739499999 0.5612691486500001 0.46068199635000001 1.0025690739999999 0.56126914859999999 0.46068199640000002
COORD 1.05863570845 0.43587742540000002 0.56713391909999999 1.058635708 0.43587742540000002 0.56713391909999999
COORD 1.02719002095 0.50727982100000002 0.2890780617 1.027190021 0.50727982100000002 0.2890780617
COORD 1.08325665545 0.38188809774999999 0.39552998444999998 1.083256655 0.38188809779999999 0.39552998449999999
COORD 0.63318051800000008 -0.95434904470000004 0.59253554424999999 0.63318051799999997 -0.95434904470000004 0.59253554419999999
COORD 0.85275245250000009 -0.75856364734999993 0.70488906135000007 0.85275245249999998 -0.75856364730000003 0.70488906139999996
COORD 0.83838635844999998 -0.77904223529999994 0.56415206225000003 0.83838635849999998 -0.77904223530000005 0.56415206230000003
COORD -1.02377766365 -0.52315403205 0.62377269459999996 -1.023777664 -0.5231540321 0.62377269459999996
COORD -0.94136757920000003 -0.64514189825000001 0.71362270980000009 -0.94136757910000002 -0.64514189820000001 0.71362270979999998
COORD -0.5161984127 -1.0261645500000001 1.2537068245 -0.5161984127 -1.0261645500000001 1.253706824
COORD -1.1212081812500001 -0.24946949065000001 0.50374996400000005 -1.1212081810000001 -0.24946949069999999 0.50374996400000005
COORD 0.73559228809999999 0.88305100045000007 1.6773951309999999 0.73559228809999999 0.88305100039999995 1.6773951309999999
COORD -1.0813672411499999 -0.37442930694999998 0.72507690200000008 -1.0813672409999999 -0.37442930699999999 0.72507690199999997
COORD 0.93263563034999997 -0.67256283415000007 1.2900866895000001 0.93263563049999998 -0.67256283409999995 1.2900866900000001
COORD 1.1185275343000001 -0.26244049764999999 1.6343930055 1.118527534 -0.26244049759999999 1.634393006
COORD 1.1128858208500001 0.28720478225000001 1.00006659145 1.1128858210000001 0.28720478230000002 1.0000665909999999
COORD -1.1439428131 0.085610806740000003 1.4462833850000001 -1.143942813 0.085610806730000003 1.4462833850000001
COORD -1.1438315949 -0.069594413359999996 1.5278722665 -1.143831595 -0.069594413369999997 1.527872267
COORD 0.81015721349999992 0.81106764399999998 0.52464159664999999 0.81015721350000003 0.81106764399999998 0.52464159669999999
COORD 0.59838208294999995 0.96964736360000003 0.67257568249999999 0.59838208299999995 0.96964736370000004 0.67257568249999999
COORD 0.84334864990000002 -0.76903539259999998 1.5706149835000001 0.84334864990000002 -0.76903539259999998 1.570614983
COORD 0.93546715334999997 -0.66872284280000005 1.4562945140000001 0.93546715329999997 -0.66872284280000005 1.4562945140000001
COORD 0.0035579560550000004 -1.1498193588999999 1.5800588424999999 0.0035579560549999999 -1.1498193590000001 1.5800588419999999
COORD 0.077931185265000008 -1.1441704819 1.7057394530000001 0.077931185279999995 -1.144170482 1.7057394530000001
COORD 0.14452099885 -1.1408437247000001 1.5363782164999999 0.14452099879999999 -1.1408437250000001 1.5363782159999999
COORD -0.65199283809999997 0.94190412010000002 0.90184483849999997 -0.65199283809999997 0.9419041199 0.90184483849999997
COORD -1.1224861853000001 -0.24128586655000001 0.66768551240000007 -1.1224861850000001 -0.24128586660000001 0.66768551239999996
COORD 1.1499999999999999 0 0.16666666664999999 1.1499999999999999 0 0.16666666669999999
COORD 1.1402779454999998 0.11200068019999999 0.1122677518 1.1402779460000001 0.11200068019999999 0.1122677518
COORD 1.1384893279999999 -0.12178414395000001 0.12148759945 1.1384893279999999 -0.1217841439 0.1214875995
COORD -1.0326373232999999 0.50598966100000009 0.7209486974 -1.0326373230000001 0.50598966099999998 0.7209486974
COORD 0.95069713805 -0.64695927994999991 0.67222459180000005 0.950697138 -0.64695927990000002 0.67222459180000005
COORD 0.48011925774999997 1.04302692875 1.5470389259999999 0.48011925770000002 1.043026929 1.5470389259999999
COORD 0.69861004304999996 0.9133682903 1.5472307855 0.69861004299999996 0.91336829019999999 1.5472307860000001
COORD -0.76082708430000001 -0.85616034169999999 0.7432793191 -0.76082708430000001 -0.8561603418 0.7432793191
COORD -0.75976157514999998 -0.85696492719999995 0.89835679070000007 -0.75976157519999998 -0.85696492700000004 0.89835679069999996
COORD -0.6401889731 -0.95250477634999997 0.82560225944999999 -0.6401889731 -0.95250477639999998 0.82560225949999999
COORD -0.37268782710000004 -1.081012533 0.81579371494999997 -0.37268782709999998 -1.081012533 0.81579371499999997
COORD -0.89691708280000004 -0.71826999590000007 1.5689192665 -0.89691708270000003 -0.71826999589999996 1.5689192670000001
COORD -1.1437733844 -0.090022593114999994 1.3987154005 -1.143773385 -0.090022593129999995 1.398715401
COORD -0.39106641915000001 -1.0679727429999999 1.3646788705000001 -0.39106641920000001 -1.0679727429999999 1.3646788700000001
COORD 0.72452004999999997 0.89297646330000002 0.58710211385 0.72452004999999997 0.89297646340000003 0.58710211379999999
COORD 1.1380362255000001 -0.1241361153 1.8758902470000001 1.138036225 -0.1241361153 1.8758902470000001
COORD 0.49874423104999999 1.0335343979 0.14684544475 0.49874423099999998 1.033534398 0.1468454448
COORD -0.1002746359007 1.1398323151 1.0690727944999998 -0.10027463590000001 1.139832315 1.069072794
COORD 0.75483452650000005 -0.86720901394999994 0.47156323764999997 0.75483452650000005 -0.86720901390000005 0.47156323770000003
COORD -0.64659352260000003 0.94801754049999998 1.5696224590000001 -0.64659352260000003 0.94801754039999997 1.5696224590000001
COORD -0.73721803705000011 0.88100147544999996 1.6841531189999999 -0.73721803699999999 0.88100147529999995 1.6841531190000001
COORD 0.43205008054999999 1.0657087181 0.30196366705 0.43205008049999999 1.065708718 0.3019636671
COORD 0.83446355289999996 -0.78089206880000006 1.7125469309999999 0.83446355309999998 -0.78089206879999995 1.7125469310000001
COORD 0.95079105070000003 -0.64202415420000003 1.7456270475 0.95079105090000005 -0.64202415420000003 1.745627048
COORD 1.1402644895 0.11207757805 1.8879185715 1.140264489 0.112077578 1.8879185709999999
COORD -0.1686856645 -1.1372284125000001 0.14659973665000001 -0.1686856645 -1.1372284130000001 0.1465997366
COORD -0.0049542237624989648 -1.1499754550500001 0.147753459 -0.0049542237620000002 -1.1499754550000001 0.147753459
COORD -0.086815799412500005 -1.14479999105 0.29435319565000001 -0.086815799420000006 -1.144799991 0.29435319560000001
COORD 0.050479781537499997 1.1477694837500001 0.81625873615 0.050479781539999997 1.1477694839999999 0.81625873609999999
COORD 0.051733044482499997 1.14764935305 0.98235161805000004 0.051733044479999997 1.147649353 0.98235161790000003
COORD -0.3815501322 -1.0740870501999999 1.4402427105 -0.3815501322 -1.0740870499999999 1.440242711
COORD -0.33082302105 -1.0964503317000001 1.5712871425000001 -0.33082302099999999 -1.096450331 1.5712871429999999
COORD 0.90611370700000005 -0.70764144224999992 0.40355878490000002 0.90611370690000004 -0.70764144220000003 0.40355878490000002
COORD 0.82256187505000011 -0.79580822089999992 0.31096996030000001 0.82256187489999999 -0.79580822090000003 0.31096996030000001
COORD -0.085624466992999998 1.1444385478000001 0.2915413986 -0.085624466989999995 1.1444385480000001 0.2915413986
COORD 0.00057892017950000006 1.1499979623000001 0.40756565695000002 0.00057892017920000002 1.149997962 0.40756565690000002
COORD -1.0836516581 0.35075719025000002 1.3300696219999999 -1.083651658 0.35075719020000001 1.3300696219999999
COORD -1.1368430365 -0.0019820638999999973 1.7742274985000002 -1.1368430359999999 -0.00198206389 1.7742274979999999
COORD 1.0401833894499999 0.48530499160000001 1.7227408034999998 1.0401833899999999 0.48530499160000001 1.7227408040000001
COORD 1.0821703336499999 0.38549170465000004 1.611527937 1.082170334 0.38549170459999998 1.611527937
COORD 1.0159456979499999 0.53849402680000003 1.5511746180000001 1.0159456979999999 0.53849402680000003 1.5511746179999999
COORD 0.14588744825 -1.1406900526500001 0.44776818070000002 0.14588744819999999 -1.1406900529999999 0.44776818070000002
COORD 0.24303775784999998 -1.1189222965000001 0.29110923875 0.24303775790000001 -1.118922296 0.29110923869999999
COORD 0.32438128869999999 -1.1027677995 0.45240385969999997 0.32438128869999999 -1.1027678000000001 0.45240385970000002
COORD -0.78101595139999991 0.84263933115 0.15018976044999999 -0.78101595140000002 0.84263933120000001 0.15018976049999999
COORD 0.84581931769999996 0.76626654385000004 0.39878221860000002 0.84581931789999998 0.76626654390000004 0.39878221860000002
COORD 0.84704149295000009 0.76524564560000008 0.25851900145000001 0.84704149309999999 0.76524564559999997 0.2585190014
COORD -0.91083603805000002 0.70075191385000002 0.15310269625 -0.91083603830000004 0.70075191380000001 0.1531026962
COORD -0.84921036015000007 0.76237803240000002 0.30329245669999999 -0.84921036039999998 0.76237803240000002 0.30329245669999999
COORD -0.95761523315000008 0.63483950214999996 0.29974085215000001 -0.95761523339999999 0.63483950209999995 0.29974085210000001
COORD -1.09446709625 -0.32855456745 0.38622395235000001 -1.094467096 -0.3285545674 0.38622395240000001
COORD 0.080730766287500005 -1.1443030755500001 0.2920406868 0.080730766309999993 -1.1443030759999999 0.2920406868
COORD -1.0766590744 0.40398704419999998 0.14882548500000001 -1.0766590739999999 0.40398704419999998 0.14882548500000001
COORD -1.03661418065 0.48845836570000001 0.29546364089999999 -1.0366141799999999 0.48845836570000001 0.29546364089999999
COORD -0.9927179291499999 0.58048139315000002 0.14663815590000001 -0.99271792910000001 0.58048139310000002 0.14663815590000001
COORD 1.06725899205 -0.42451929844999997 0.59735626284999999 1.067258992 -0.42451929840000002 0.59735626289999999
COORD 0.048381453609299997 1.14765823305 1.1541208119999999 0.04838145361 1.147658233 1.1541208119999999
COORD -1.1309361041500001 0.20784729530000001 1.58748987 -1.1309361040000001 0.20784729530000001 1.58748987
COORD -1.1317296650999999 0.20293295524999999 1.4043749779999999 -1.1317296649999999 0.20293295519999999 1.4043749780000001
COORD -0.25353658779999999 -1.1144282946999999 0.28858686504999997 -0.25353658779999999 -1.114428295 0.28858686500000003
COORD -0.23079019425 -1.1265736880000001 0.89542854184999998 -0.2307901943 -1.1265736879999999 0.89542854189999999
COORD -0.86339138879999999 0.75801397579999996 1.3847853195000002 -0.86339138869999998 0.75801397579999996 1.38478532
COORD 0.51680555540000006 -1.0270032762499999 0.67691827969999996 0.51680555539999995 -1.0270032760000001 0.67691827969999996
COORD -0.96302301160000003 -0.62254964639999999 1.6871704839999999 -0.96302301150000003 -0.62254964639999999 1.6871704839999999
COORD -0.42655662449999998 1.0678361006000001 1.7365384855000001 -0.42655662449999998 1.0678361009999999 1.7365384859999999
COORD -0.57432317100000008 0.98236702659999997 1.6943045255 -0.57432317099999997 0.98236702649999996 1.694304526
COORD -0.64651077755000008 0.94806532390000009 1.844179912 -0.64651077749999997 0.94806532379999997 1.844179912
COORD -0.49874423104999999 1.0335343979 1.8864138719999999 -0.49874423099999998 1.033534398 1.8864138720000001
COORD 1.0309423035499998 -0.50639526234999999 0.28510542439999997 1.0309423040000001 -0.50639526229999998 0.28510542439999997
COORD 0.96998463904999999 -0.61548682334999993 0.40550634944999997 0.96998463899999998 -0.61548682330000004 0.40550634940000002
COORD 0.98700624694999994 0.58985448295000009 0.14976734905 0.98700624690000005 0.58985448289999998 0.14976734899999999
COORD 1.0729465969 0.41343540970000003 0.13931071265 1.0729465970000001 0.41343540969999998 0.13931071270000001
COORD 0.51251904980000007 -1.0289753854500001 1.2891833035 0.51251904979999996 -1.0289753850000001 1.289183304
COORD -1.0937069541 -0.33304337070000001 0.24882364215 -1.093706954 -0.33304337070000001 0.2488236422
COORD 1.0053889282999999 -0.54928938860000009 1.0551523935 1.0053889279999999 -0.54928938859999998 1.055152393
COORD 0.40724627899999999 -1.0745707084 1.6990618465 0.40724627899999999 -1.0745707090000001 1.6990618470000001
COORD -0.0084020590349989637 -1.1499294004 1.8497516620000001 -0.0084020590330000002 -1.1499294 1.8497516620000001
COORD 0.17315733314999998 -1.136644958 1.855987791 0.1731573331 -1.136644958 1.855987791
COORD 0.083792513057000001 1.1444736517999998 0.28759892929999997 0.083792513060000004 1.1444736520000001 0.28759892929999997
COORD 0.17139904395 1.1368781404999999 0.14290297545 0.17139904389999999 1.136878141 0.1429029755
COORD 0.24289702425000001 -1.1190966204000001 1.7013243265 0.24289702420000001 -1.1190966200000001 1.701324327
COORD -0.95261092829999994 0.62584116950000002 0.61681030349999999 -0.95261092810000003 0.62584116950000002 0.61681030349999999
COORD -1.1387790494000001 -0.15927176749999999 1.6195554845 -1.1387790499999999 -0.15927176749999999 1.619555485
COORD 1.1384893279999999 -0.12178414395000001 0.2881542661 1.1384893279999999 -0.1217841439 0.2881542661
COORD 1.1402779454999998 0.11200068019999999 0.27893441845 1.1402779460000001 0.11200068019999999 0.2789344185
COORD 0.21689585659999999 1.1276075157500001 1.403211362 0.21689585659999999 1.1276075160000001 1.403211362
COORD -0.9007529834000001 -0.71360433175000004 0.41484767065 -0.9007529836 -0.71360433180000005 0.4148476707
COORD -1.0145345534500001 -0.54149014260000006 0.46012454655000001 -1.0145345530000001 -0.54149014259999995 0.46012454650000001
COORD -0.96443441595000001 -0.62060272854999998 0.30322384590000001 -0.96443441610000002 -0.62060272859999999 0.30322384590000001
COORD -1.06624220455 0.43027012794999997 0.42053606134999999 -1.0662422039999999 0.43027012790000002 0.42053606129999999
COORD -1.01094199215 0.54664394520000004 0.45825941025 -1.010941992 0.54664394520000004 0.4582594103
COORD -0.33990739145000004 -1.0974555456999999 0.1419871284 -0.33990739149999999 -1.0974555459999999 0.1419871284
COORD 1.0056465143 -0.54871767855000009 1.2213637820000001 1.0056465139999999 -0.54871767859999998 1.2213637820000001
COORD 0.33314578234999997 1.09819355275 1.5124602825 0.33314578230000003 1.098193553 1.5124602819999999
COORD 0.99498559350000004 -0.56353640119999993 0.59189545815 0.99498559369999995 -0.56353640120000004 0.5918954582
COORD 1.12217811665 -0.24906261070000002 1.7518687759999998 1.1221781159999999 -0.24906261069999999 1.751868776
COORD -0.90569215405000003 -0.70780827334999996 0.1519179417 -0.90569215420000004 -0.70780827339999997 0.1519179417
COORD -1.00468099595 -0.55918826005 0.15130590420000001 -1.004680996 -0.55918825999999999 0.15130590420000001
COORD -1.1005049609999999 0.31214776639999997 0.30156503445000005 -1.1005049609999999 0.31214776640000003 0.3015650345
COORD 1.1181019552 0.26842703489999997 0.37408125994999997 1.118101955 0.26842703490000003 0.37408126000000003
COORD 1.1244055416999998 0.23698256125 0.23634901175 1.1244055420000001 0.23698256130000001 0.23634901180000001
COORD -0.23367879899999999 -1.12594841675 1.0650029801500001 -0.23367879899999999 -1.125948417 1.06500298
COORD -0.3747076345 -1.0807803037500001 1.1446236600000002 -0.3747076345 -1.0807803039999999 1.1446236599999999
COORD 0.90891283155000002 0.70341352440000005 0.15358102800000001 0.90891283170000003 0.70341352440000005 0.15358102800000001
COORD 0.38019357240000001 -1.08045695125 0.57649848294999995 0.38019357240000001 -1.0804569509999999 0.57649848290000005
COORD -1.0045979446 -0.55934485815000001 1.8391472279999999 -1.004597945 -0.55934485820000002 1.8391472280000001
COORD -0.90436380105000003 -0.70959859309999995 1.8480232559999998 -0.90436380090000001 -0.70959859309999995 1.8480232560000001
COORD -0.21092649105 1.1304272210500002 1.5254299284999999 -0.2109264911 1.1304272209999999 1.5254299280000001
COORD 1.0702554612499999 -0.41524002964999995 0.77945216689999997 1.0702554609999999 -0.41524002970000001 0.77945216689999997
COORD -1.1444391600000001 0.084842024950000719 1.8841889630000002 -1.1444391599999999 0.084842024939999997 1.8841889629999999
COORD -1.1448936635 -0.081315205249999273 1.8725453669999998 -1.144893664 -0.081315205259999995 1.8725453670000001
COORD -0.17004680389999999 -1.1366044107 1.576126981 -0.17004680389999999 -1.136604411 1.576126981
COORD -0.24683766020000003 -1.1154082184 1.7018884299999999 -0.2468376602 -1.115408218 1.7018884299999999
COORD -1.093321422 -0.33461049594999998 1.7442814185 -1.093321422 -0.33461049590000003 1.7442814179999999
COORD -1.1286911264999999 -0.21963423770000001 1.626478471 -1.1286911260000001 -0.21963423770000001 1.626478471
COORD 0.35153822880000002 1.0930388091000001 0.1551182223 0.35153822880000002 1.0930388090000001 0.1551182223
COORD 1.0697799512500001 -0.41629657475000004 0.94389166699999993 1.0697799509999999 -0.41629657469999998 0.94389166700000005
COORD 1.12356391385 -0.24303861265000001 0.24155005670000002 1.123563914 -0.24303861260000001 0.24155005669999999
COORD 1.1190489448500001 -0.26469962255000001 0.37006245724999998 1.1190489450000001 -0.26469962250000001 0.37006245719999997
COORD -1.0707638559000001 -0.41879647875000003 1.854242883 -1.0707638559999999 -0.41879647869999997 1.854242883
COORD 0.324629365 -1.1027519943999999 1.538046335 0.324629365 -1.102751995 1.538046335
COORD -0.17166611379999999 1.1368430365 0.14684544475 -0.17166611379999999 1.1368430359999999 0.1468454448
COORD -0.00078244204300198083 1.1499993877999999 0.14469595385 -0.00078244204309999997 1.1499993879999999 0.1446959538
COORD 0.81087762944999997 0.79990159100000002 1.3494695875 0.81087762949999997 0.79990159100000002 1.3494695880000001
COORD 0.93162062579999994 0.67420339539999996 1.540241008 0.93162062590000005 0.67420339539999996 1.540241008
COORD 0.96208515444999998 0.62601168134999996 1.7113624414999999 0.96208515449999998 0.62601168129999996 1.711362442
COORD -0.084229647585000011 -1.1454913084 1.7018318565000001 -0.084229647569999996 -1.145491308 1.7018318560000001
COORD -0.1626516774 -1.1379657845 1.8520801945000001 -0.1626516774 -1.1379657839999999 1.852080194
COORD -0.29117905654999998 1.1073519031000001 1.6913799575000001 -0.29117905659999999 1.1073519030000001 1.691379958
COORD -0.45298451689999997 1.0561949551000001 1.5999759734999999 -0.45298451690000002 1.056194955 1.5999759739999999
COORD 1.0088761775499999 -0.54411435834999999 0.89707195735 1.008876178 -0.54411435829999999 0.89707195740000001
COORD 0.26472868945 1.11095902875 1.6804618575000001 0.26472868939999999 1.110959029 1.6804618579999999
COORD 0.14847876370000002 1.1403729917500001 1.5712129370000001 0.14847876369999999 1.1403729920000001 1.5712129370000001
COORD 0.77808031479999995 -0.84508360930000004 0.16374613364999999 0.77808031479999995 -0.84508360930000004 0.16374613360000001
COORD -0.80372781935000004 -0.81874449369999991 1.5676346114999999 -0.80372781930000003 -0.81874449370000002 1.567634612
COORD -0.84273538435000006 -0.77122700980000003 1.6978314914999999 -0.84273538420000005 -0.77122700980000003 1.6978314910000001
COORD -0.81412670825 0.80695032440000003 0.42814662295 -0.81412670819999999 0.80695032440000003 0.4281466229
COORD -1.0709570124000001 -0.41832752775000004 0.1467053703 -1.070957012 -0.41832752779999999 0.1467053703
COORD -1.083071758 0.35300223549999998 1.4867370945 -1.083071758 0.35300223549999998 1.4867370950000001
COORD 1.0708815908 -0.41299375800000004 1.2678997514999999 1.070881591 -0.41299375799999999 1.2678997519999999
COORD 1.0706240048 -0.41356546805000005 1.1016883630000001 1.070624005 -0.4135654681 1.1016883630000001
COORD 0.86002272945000002 0.75444690835000006 1.6980712420000001 0.86002272960000004 0.75444690830000005 1.6980712419999999
COORD 0.83050463195000002 0.79189692845000004 1.5673493784999999 0.83050463190000001 0.79189692850000004 1.5673493780000001
COORD 0.90210252829999993 0.71165341550000005 1.4095191444999999 0.90210252830000004 0.71165341550000005 1.4095191439999999
COORD -0.12021210664 1.1399906362000001 1.6892278109999999 -0.1202121067 1.1399906360000001 1.6892278110000001
COORD -0.0083732113579999996 1.1499513422000001 1.5744192584999999 -0.0083732113590000001 1.149951342 1.574419258
COORD -0.84352147460000004 -0.76989104919999996 0.295412972 -0.84352147479999995 -0.76989104919999996 0.295412972
COORD 0.77840328964999994 -0.84481654770000003 1.8268075800000001 0.77840328969999995 -0.84481654770000003 1.8268075800000001
COORD 0.89870189254999999 -0.71708873370000004 1.885739351 0.8987018927 -0.71708873370000004 1.885739351
COORD -0.17363905169999999 -1.1363292612 0.40647678295 -0.17363905169999999 -1.136329261 0.40647678300000001
COORD -0.20019075195 1.132441375 1.8412553439999999 -0.20019075189999999 1.132441375 1.8412553439999999
COORD -0.0068454435400019812 1.1499531377000001 1.847972467 -0.0068454435409999997 1.1499531380000001 1.847972467
COORD -8.2193943000000505e-05 -1.1499571960499999 0.41272453320000002 -8.219394282e-05 -1.1499571959999999 0.41272453320000002
COORD -0.78047094984999998 -0.84309598845 0.14349503029999999 -0.78047094989999999 -0.8430959885 0.14349503029999999
COORD 1.00009623495 0.56763942445000004 1.8612128664999998 1.000096235 0.56763942440000004 1.8612128670000001
COORD 0.90792765354999994 0.70476606175000001 1.8501495750000001 0.90792765369999995 0.7047660617 1.8501495750000001
COORD 0.78077029070000004 0.84284533379999993 0.10493797345 0.78077029070000004 0.84284533380000004 0.1049379735
COORD 0.99802789219999999 -0.57132922534999997 1.8598876965 0.99802789209999998 -0.57132922539999997 1.859887697
COORD 1.0681711758999999 -0.42499305440000001 1.8504784784999999 1.0681711760000001 -0.42499305440000001 1.850478479
COORD 1.0651222799 -0.43205895564999997 0.15475170939999999 1.06512228 -0.43205895570000002 0.15475170939999999
COORD 0.99858284654999996 -0.57034637835000002 0.13035371500000001 0.99858284649999995 -0.57034637830000001 0.13035371500000001
COORD -0.33924349435000001 1.09769771765 0.14367845374999999 -0.33924349440000001 1.097697718 0.14367845379999999
COORD -0.84507124550000001 0.77596954764999992 1.564334066 -0.84507124550000001 0.77596954760000003 1.564334066
COORD -0.94970268299999994 0.63733863229999999 1.4721442115000001 -0.94970268290000004 0.63733863229999999 1.4721442119999999
COORD -0.33924245095000005 -1.0976980973999999 1.8498082354999998 -0.339242451 -1.0976980970000001 1.8498082360000001
COORD 1.0093516875500002 -0.54305781324999991 0.73263245725000004 1.009351688 -0.54305781320000002 0.73263245730000004
COORD 1.0728499774 0.41367563880000002 1.861527937 1.072849977 0.41367563880000002 1.861527937
COORD 0.34811904380000003 1.0943716557500001 1.8273073025 0.34811904380000003 1.0943716560000001 1.8273073019999999
COORD 0.93976730205000003 -0.65569039769999993 0.27757754165000004 0.93976730190000002 -0.65569039770000004 0.27757754159999998
COORD 0.88712318955000002 -0.7317378242 0.14722382665 0.88712318940000001 -0.7317378242 0.1472238266
COORD -1.1215439840000001 0.24740317315000002 0.15273954945000001 -1.1215439840000001 0.24740317319999999 0.15273954949999999
COORD 0.37660613769999995 -1.0823310909499999 1.4063000935000001 0.37660613770000001 -1.0823310909999999 1.406300093
COORD -0.80032666725000001 0.82556826119999993 1.8399732069999999 -0.80032666730000002 0.82556826120000004 1.8399732070000001
COORD -1.0303702789 0.50624973224999992 1.7382802989999999 -1.030370279 0.50624973230000003 1.7382802989999999
COORD -1.0426962740000001 0.48356767034999998 1.598728382 -1.0426962740000001 0.48356767029999997 1.598728382
COORD 0.17166611379999999 1.1368430365 1.8531545550000001 0.17166611379999999 1.1368430359999999 1.8531545549999999
COORD 1.0803505553499999 -0.38230335269999999 0.27481416665000002 1.080350556 -0.38230335269999999 0.27481416660000002
COORD 1.0872278827000001 0.36740721909999996 0.26339197260000002 1.087227883 0.36740721910000002 0.26339197260000002
COORD 0.077996581410000002 1.1443922977000001 1.7011270220000001 0.077996581400000001 1.1443922980000001 1.7011270220000001
COORD -1.09056062015 0.33841273014999995 1.6994811575 -1.09056062 0.33841273020000001 1.699481158
COORD -0.78101321260000001 -0.84264162929999997 1.8498082354999998 -0.78101321260000001 -0.84264162929999997 1.8498082360000001
COORD -1.1204480391 -0.25395829390000002 0.10211827185 -1.120448039 -0.25395829390000002 0.1021182719
COORD 0.32558514709999997 -1.1024464629999999 0.14682201095 0.32558514710000003 -1.1024464629999999 0.14682201089999999
COORD 0.32479615925000005 -1.1027073259 1.8453365355 0.32479615919999999 -1.102707326 1.845336536
COORD 1.1119793832 0.29321426034999998 0.12408125994999999 1.111979383 0.29321426039999998 0.12408126
COORD 1.1127787611 0.29007584365 1.8792640999999999 1.1127787609999999 0.2900758437 1.8792641000000001
COORD 1.1129263728500001 -0.28948684800000002 0.12006245725 1.1129263730000001 -0.28948684800000002 0.1200624572
COORD 1.0879306411 0.36450903150000002 1.7407920369999998 1.087930641 0.36450903150000002 1.7407920370000001
COORD -1.0672038874000001 0.42725980389999996 1.8509450295000001 -1.067203887 0.42725980390000001 1.8509450300000001
COORD 1.1119936781499999 -0.29315887470000002 1.875978529 1.1119936779999999 -0.29315887470000002 1.875978529
COORD 1.0824667566499999 -0.37890947814999998 1.7264570075000001 1.0824667560000001 -0.37890947819999998 1.7264570079999999
COORD -1.1210548301500001 0.25039537720000005 1.8485361280000001 -1.1210548300000001 0.25039537719999999 1.8485361279999999
COORD -1.1202556635000001 -0.25505646814999999 1.8900385355 -1.1202556640000001 -0.2550564682 1.890038535
COORD -0.34604477275000001 1.0951661915999999 1.8501246135 -0.34604477280000001 1.095166192 1.8501246140000001
COORD -0.083148346059999989 -1.1357019387 0.97873241349999995 -0.083148346080000005 -1.135701939 0.97873241349999995
COORD -0.89587672404999996 0.72074360025000006 1.8843739400000001 -0.89587672419999997 0.72074360029999995 1.8843739399999999
COORD -0.99592921440000004 0.57499999999999996 1.8873352694999999 -0.99592921440000004 0.57499999999999996 1.887335269
FLAG 1 0 0 5
FLAG 1 0 2 5
FLAG 0.93969262080000004 0.34202014330000002 0 5
FLAG 0.76604444309999997 0.64278760970000004 0 5
FLAG 0.5 0.86602540380000004 0 5
FLAG 0.17364817769999999 0.98480775300000001 0 5
FLAG -0.17364817769999999 0.98480775300000001 0 5
FLAG -0.5 0.86602540380000004 0 5
FLAG -0.76604444309999997 0.64278760970000004 0 5
FLAG -0.93969262080000004 0.34202014330000002 0 5
FLAG -1 1.4547323089999999e-15 0 5
FLAG -0.93969262080000004 -0.34202014330000002 0 5
FLAG -0.76604444309999997 -0.64278760970000004 0 5
FLAG -0.5 -0.86602540380000004 0 5
FLAG -0.17364817769999999 -0.98480775300000001 0 5
FLAG 0.17364817769999999 -0.98480775300000001 0 5
FLAG 0.5 -0.86602540380000004 0 5
FLAG 0.76604444309999997 -0.64278760970000004 0 5
FLAG 0.93969262080000004 -0.34202014330000002 0 5
FLAG 0.96984631040000002 0.17101007165000001 0 5
FLAG 0.85286853195000001 0.49240387650000006 0 5
FLAG 0.63302222154999999 0.75440650675000009 0 5
FLAG 0.33682408884999998 0.92541657840000002 0 5
FLAG 0 0.98480775300000001 0 5
FLAG -0.33682408884999998 0.92541657840000002 0 5
FLAG -0.63302222154999999 0.75440650675000009 0 5
FLAG -0.85286853195000001 0.49240387650000006 0 5
FLAG -0.96984631040000002 0.17101007165000073 0 5
FLAG -0.96984631040000002 -0.17101007164999929 0 5
FLAG -0.85286853195000001 -0.49240387650000006 0 5
FLAG -0.63302222154999999 -0.75440650675000009 0 5
FLAG -0.33682408884999998 -0.92541657840000002 0 5
FLAG 0 -0.98480775300000001 0 5
FLAG 0.33682408884999998 -0.92541657840000002 0 5
FLAG 0.63302222154999999 -0.75440650675000009 0 5
FLAG 0.85286853195000001 -0.49240387650000006 0 5
FLAG 0.96984631040000002 -0.17101007165000001 0 5
FLAG 1 0 0.33333333329999998 5
FLAG 1 0 0.66666666669999997 5
FLAG 1 0 1 5
FLAG 1 0 1.3333333329999999 5
FLAG 1 0 1.6666666670000001 5
FLAG 1 0 0.16666666664999999 5
FLAG 1 0 0.5 5
FLAG 1 0 0.83333333334999993 5
FLAG 1 0 1.1666666664999998 5
FLAG 1 0 1.5 5
FLAG 1 0 1.8333333335000002 5
FLAG 0.93969262080000004 0.34202014330000002 2 5
FLAG 0.76604444309999997 0.64278760970000004 2 5
FLAG 0.5 0.86602540380000004 2 5
FLAG 0.17364817769999999 0.98480775300000001 2 5
FLAG -0.17364817769999999 0.98480775300000001 2 5
FLAG -0.5 0.86602540380000004 2 5
FLAG -0.76604444309999997 0.64278760970000004 2 5
FLAG -0.93969262080000004 0.34202014330000002 2 5
FLAG -1 1.4547323089999999e-15 2 5
FLAG -0.93969262080000004 -0.34202014330000002 2 5
FLAG -0.76604444309999997 -0.64278760970000004 2 5
FLAG -0.5 -0.86602540380000004 2 5
FLAG -0.17364817769999999 -0.98480775300000001 2 5
FLAG 0.17364817769999999 -0.98480775300000001 2 5
FLAG 0.5 -0.86602540380000004 2 5
FLAG 0.76604444309999997 -0.64278760970000004 2 5
FLAG 0.93969262080000004 -0.34202014330000002 2 5
FLAG 0.96984631040000002 0.17101007165000001 2 5
FLAG 0.85286853195000001 0.49240387650000006 2 5
FLAG 0.63302222154999999 0.75440650675000009 2 5
FLAG 0.33682408884999998 0.92541657840000002 2 5
FLAG 0 0.98480775300000001 2 5
FLAG -0.33682408884999998 0.92541657840000002 2 5
FLAG -0.63302222154999999 0.75440650675000009 2 5
FLAG -0.85286853195000001 0.49240387650000006 2 5
FLAG -0.96984631040000002 0.17101007165000073 2 5
FLAG -0.96984631040000002 -0.17101007164999929 2 5
FLAG -0.85286853195000001 -0.49240387650000006 2 5
FLAG -0.63302222154999999 -0.75440650675000009 2 5
FLAG -0.33682408884999998 -0.92541657840000002 2 5
FLAG 0 -0.98480775300000001 2 5
FLAG 0.33682408884999998 -0.92541657840000002 2 5
FLAG 0.63302222154999999 -0.75440650675000009 2 5
FLAG 0.85286853195000001 -0.49240387650000006 2 5
FLAG 0.96984631040000002 -0.17101007165000001 2 5
FLAG -0.6417030842 -0.76695316140000003 0.28699006059999999 5
FLAG -0.987384394 0.15834158770000001 0.30547909890000002 5
FLAG 0.31470553559999997 -0.94918935199999999 0.2936440219 5
FLAG 0.36661169900000001 0.93037404420000003 0.31023644459999999 5
FLAG -0.68141451900000005 0.7318977069 1.679946414 5
FLAG -0.34202223009999999 0.93969186130000004 0.28735690749999998 5
FLAG -0.88336286419999999 -0.4686897163 1.6782944559999999 5
FLAG -0.34202014330000002 -0.93969262080000004 1.6996164709999999 5
FLAG -0.01369088708 0.99990627539999999 1.6959449339999999 5
FLAG 0.95797150170000001 0.2868633854 1.165851016 5
FLAG 0.95625332060000001 -0.29253988930000002 1.2033767259999999 5
FLAG -0.98640608630000004 0.16432599580000001 1.697072256 5
FLAG 0.31312755990000002 -0.94971107779999997 1.690673071 5
FLAG 0.67023459490000004 0.74214930290000003 1.6958433340000001 5
FLAG 0.87133266809999999 -0.49069275670000001 0.26070743000000002 5
FLAG 0.84817946889999996 0.52970896590000005 0.2995346981 5
FLAG 0.87022275940000005 -0.49265845069999997 1.7197753929999999 5
FLAG 0.95833333330000003 0.28565227500000001 1.5 5
FLAG 0.81343038759999997 0.58166227699999995 1.380182866 5
FLAG 0.83124074889999999 0.55591259869999998 1.0025217129999999 5
FLAG 0.63739673230000005 0.77053579130000005 1.1625874380000001 5
FLAG 0.63794162089999995 0.77008472800000005 0.82189244449999999 5
FLAG 0.3833208816 0.92361523469999995 0.98986226929999999 5
FLAG 0.37400389960000002 0.92742713089999995 1.314708368 5
FLAG 0.09667019332 0.99531646910000005 1.146966744 5
FLAG 0.09416366743 0.99555673050000004 0.8147809802 5
FLAG -0.2006419857 0.97966463319999997 0.97687070899999995 5
FLAG -0.19511965589999999 0.98077944510000004 1.368349169 5
FLAG -0.48748569269999997 0.87313097500000003 1.1544569200000001 5
FLAG -0.48387298509999999 0.87513823719999995 0.8122677559 5
FLAG -0.72469501400000003 0.68906976190000002 0.98267066970000005 5
FLAG -0.74294070560000003 0.66935723489999999 0.6103780983 5
FLAG -0.90299349559999997 0.42965421790000002 0.81865488610000003 5
FLAG -0.89751232920000001 0.44098936379999998 1.155197971 5
FLAG -0.98838175989999999 0.1519917653 0.98311244809999998 5
FLAG -0.98799320820000003 0.1544973157 1.3308424720000001 5
FLAG -0.98915922899999997 -0.14684692590000001 1.1533659599999999 5
FLAG -0.9892687966 -0.14610697449999999 0.80690826090000001 5
FLAG -0.90115830630000004 -0.43349014629999999 0.977682528 5
FLAG -0.90201518729999997 -0.43170429900000001 0.62990810450000001 5
FLAG -0.73719501840000001 -0.67568003139999999 0.80960813490000005 5
FLAG -0.73539681739999996 -0.67763671749999999 1.1419820629999999 5
FLAG -0.495918796 -0.86836890069999995 0.97425401560000002 5
FLAG -0.98777077179999995 -0.1559131245 1.494020235 5
FLAG -0.4974308932 -0.86750360599999998 1.36459792 5
FLAG -0.2144493368 -0.97673511349999997 1.146431591 5
FLAG -0.20867212730000001 -0.97798565599999998 0.80728271439999999 5
FLAG 0.086611569080000006 -0.99624215739999999 0.97389045770000005 5
FLAG 0.1163755091 -0.99320528640000005 1.3607808509999999 5
FLAG 0.37804982129999998 -0.92578525190000005 1.1434971220000001 5
FLAG 0.38479719959999997 -0.92300114580000003 0.8139787383 5
FLAG 0.63393032100000002 -0.77339016549999995 0.96839546239999996 5
FLAG 0.63544718040000003 -0.77214433940000005 1.3125260350000001 5
FLAG 0.63576394380000001 -0.77188354540000004 0.65741444449999997 5
FLAG 0.83275766610000002 -0.55363766989999996 0.79414391470000001 5
FLAG 0.83706450369999996 0.54710420999999998 0.65790740950000004 5
FLAG 0.63985741539999996 0.76849364860000002 0.49040238120000001 5
FLAG -0.90054081539999997 -0.4347714801 1.3244691959999999 5
FLAG -0.98671278849999999 -0.1624742227 0.47903716410000002 5
FLAG 0.38758148129999997 0.92183544920000005 0.66134951850000001 5
FLAG 0.95814910929999997 0.28626960089999998 0.83423089139999995 5
FLAG 0.63756776380000002 -0.77039427989999998 1.65361516 5
FLAG 0.35977332899999998 0.93303973750000002 1.6546146049999999 5
FLAG -0.88352896690000005 -0.46837652010000003 0.30261180840000002 5
FLAG -0.89067739400000001 0.45463587620000001 1.4955667050000001 5
FLAG -0.71805480560000001 0.69598656319999996 1.3208489210000001 5
FLAG -0.016804118069999999 -0.9998588008 1.6995033239999999 5
FLAG -0.0099084475250000009 -0.99995091010000003 0.29550691800000001 5
FLAG -0.3433500243 -0.93920751739999997 0.28397425679999999 5
FLAG -0.49811954409999998 -0.86710836680000003 0.60107261180000005 5
FLAG -0.64278760970000004 -0.76604444309999997 1.6996164709999999 5
FLAG -0.85960283329999998 0.51096278630000003 0.29327631180000002 5
FLAG -0.64279308729999995 0.76603984680000003 0.30037952089999997 5
FLAG -0.001564884086 0.99999877559999995 0.28939190770000001 5
FLAG -0.1914080219 0.98151055480000005 0.60673339199999998 5
FLAG -0.35562478689999999 0.93462880920000002 1.700249227 5
FLAG 0.12040491640000001 -0.99272486429999995 0.60696190579999998 5
FLAG -0.98994691270000001 0.14143942200000001 0.65610216850000003 5
FLAG 0.63692181410000004 -0.77092840309999999 0.32749226729999997 5
FLAG 0.87435944489999995 0.4852788489 1.7224257329999999 5
FLAG 0.96098261760000003 -0.27660876470000001 1.5170055170000001 5
FLAG 0.96031273790000005 0.27892551939999999 0.51243854359999996 5
FLAG 0.94857227509999997 -0.31656064029999997 0.52359152590000002 5
FLAG 0.95456521350000001 -0.29800210269999999 0.88778333399999998 5
FLAG 0.82578316760000003 -0.56398773040000005 1.110304787 5
FLAG -0.18843843069999999 -0.98208500539999999 1.448093573 5
FLAG -0.5001654901 0.86592983700000004 1.450885094 5
FLAG -0.7511510066 -0.66013041530000005 1.4417920209999999 5
FLAG 0.82180477070000002 -0.56976918030000001 1.424974221 5
FLAG 0.41708110529999998 -0.90886927090000003 1.4271805879999999 5
FLAG 0.12727347750000001 0.9918676635 1.4361167640000001 5
FLAG -0.86602540380000004 0.5 1.7746705389999999 5
FLAG -0.49381040320000003 0.86956959789999999 0.52342313490000003 5
FLAG -0.1835549521 -0.98300945039999998 0.51975409260000005 5
FLAG -0.98480775300000001 -0.17364817769999999 1.780077071 5
FLAG -0.75616610179999999 -0.65437972649999998 0.52585945789999999 5
FLAG 0.13733290649999999 0.99052494810000002 0.53977095050000001 5
FLAG 0.59627010479999998 0.8027838826 1.4355146430000001 5
FLAG 0.96825519240000002 0.24996376209999999 0.24816251989999999 5
FLAG 0.96828378230000001 -0.24985299080000001 1.7519570579999999 5
FLAG 0.64230176589999999 0.7664518521 0.2098759469 5
FLAG -0.91885888110000002 0.39458631080000001 0.54342115270000002 5
FLAG 0.96985394820000004 0.2436869287 1.7585282 5
FLAG 0.97014917170000003 -0.24250893740000001 0.24012491450000001 5
FLAG 0.80402547800000002 -0.59459484579999999 0.51266991650000004 5
FLAG -0.98519250420000004 -0.17145182919999999 0.2042365437 5
FLAG 0.42633010300000002 -0.90456765549999996 0.54183326840000001 5
FLAG 0.98412759620000001 0.12498188104999999 0.12408125994999999 5
FLAG 0.95397390660000003 0.29599195270000001 0.12408125994999999 5
FLAG 0.95492089624999998 -0.29226454035000005 0.12006245725 5
FLAG 0.98507458585000007 -0.12125446870000001 0.12006245725 5
FLAG 0.98412759620000001 0.12498188104999999 0.29074792659999998 5
FLAG 0.98507458585000007 -0.12125446870000001 0.28672912389999999 5
FLAG 0.98414189114999995 -0.1249264954 1.7093118624999999 5
FLAG 0.98414189114999995 -0.1249264954 1.875978529 5
FLAG 0.98492697409999996 0.12184346435 1.8792640999999999 5
FLAG 0.98492697409999996 0.12184346435 1.7125974335 5
FLAG 0.9547732845000001 0.29285353600000003 1.8792640999999999 5
FLAG 0.95398820155000008 -0.29593656705000004 1.875978529 5
FLAG 0.89393604485 0.43586455460000006 0.14976734905 5
FLAG 0.80711195599999996 0.58624828780000005 0.14976734905 5
FLAG 0.90821733064999999 0.38983636399999999 0.27384860899999997 5
FLAG 0.70417310449999992 0.70461973089999996 0.10493797345 5
FLAG 0.57115088295000005 0.81623862795000002 0.10493797345 5
FLAG 0.74524061739999992 0.64808040900000008 0.2547053225 5
FLAG 0.43330584950000001 0.89819972400000003 0.1551182223 5
FLAG 0.27012993834999999 0.95759089860000002 0.1551182223 5
FLAG 0.50445673245 0.84841294815000001 0.26005619575 5
FLAG 0.086041646806999994 0.99240326430000003 0.14469595385 5
FLAG -0.087606530892999995 0.99240326430000003 0.14469595385 5
FLAG 0.18252340745700002 0.96518640990000004 0.29981417615 5
FLAG -0.25783520389999998 0.96224980715000008 0.14367845374999999 5
FLAG -0.42101111505 0.9028586325500001 0.14367845374999999 5
FLAG -0.17179355709299998 0.96984531844999999 0.28837440759999999 5
FLAG -0.57139654364999992 0.81603262530000009 0.15018976044999999 5
FLAG -0.70441876520000002 0.70441372825000004 0.15018976044999999 5
FLAG -0.49240765869999997 0.85286585405000004 0.29386821419999998 5
FLAG -0.81282363820000003 0.57687519799999998 0.14663815590000001 5
FLAG -0.89964772705000007 0.4264914648 0.14663815590000001 5
FLAG -0.75119796029999997 0.63850131654999998 0.29682791635 5
FLAG -0.96353850740000002 0.25018086550000002 0.15273954945000001 5
FLAG -0.993692197 0.079170793850000726 0.15273954945000001 5
FLAG -0.92349361365000004 0.33465218699999999 0.29937770535000002 5
FLAG -0.99259625210000002 -0.085725914599999273 0.10211827185 5
FLAG -0.96244256250000004 -0.25673598624999999 0.10211827185 5
FLAG -0.98628844910000002 -0.0065551207499999903 0.25485782130000001 5
FLAG -0.91161079384999999 -0.40519833170000003 0.15130590420000001 5
FLAG -0.82478670499999995 -0.55558206490000006 0.15130590420000001 5
FLAG -0.9343607355500001 -0.31991417464999999 0.25342417605000001 5
FLAG -0.70387376364999998 -0.70487038555000003 0.14349503029999999 5
FLAG -0.5708515421 -0.81648928260000009 0.14349503029999999 5
FLAG -0.76261602555000008 -0.61766484075000005 0.2948009345 5
FLAG -0.42167501215000003 -0.9026164606 0.1419871284 5
FLAG -0.25849910100000001 -0.96200763519999999 0.1419871284 5
FLAG -0.49252655425000003 -0.85308033939999994 0.28548215869999999 5
FLAG -0.091778312612499996 -0.99237933155000002 0.147753459 5
FLAG 0.081869865087499993 -0.99237933155000002 0.147753459 5
FLAG -0.17662923591249999 -0.96957921375 0.28974058739999997 5
FLAG 0.24417685665 -0.9669985525 0.14682201095 5
FLAG 0.40735276779999996 -0.90760737790000001 0.14682201095 5
FLAG 0.1523985440375 -0.97457013105000001 0.29457546995 5
FLAG 0.56846090704999996 -0.81847690345000002 0.16374613364999999 5
FLAG 0.70148312860000006 -0.70685800640000007 0.16374613364999999 5
FLAG 0.47581367485000003 -0.86005887754999999 0.31056814459999998 5
FLAG 0.81868855559999998 -0.56674018320000008 0.13035371500000001 5
FLAG 0.90551264445000001 -0.41635644999999999 0.13035371500000001 5
FLAG 0.75412724109999996 -0.6308105799 0.29409984865 5
FLAG 0.92074091990000007 -0.36660084705000001 0.25041617225000001 5
FLAG 0.98015636895000002 0.13946275969999999 0.58955260514999996 5
FLAG 0.98015636895000002 0.13946275969999999 0.42288593845 5
FLAG 0.97428613755000004 -0.15828032014999999 0.42846242960000003 5
FLAG 0.97428613755000004 -0.15828032014999999 0.59512909629999999 5
FLAG 0.96428396515000003 0.26444464074999996 0.38030053175 5
FLAG 0.9593607234 -0.27953478884999999 0.38185822020000004 5
FLAG 0.97907455464999993 0.14313480044999999 0.91711544569999992 5
FLAG 0.97907455464999993 0.14313480044999999 0.75044877904999996 5
FLAG 0.97728260675 -0.14900105135 0.77722500034999997 5
FLAG 0.97728260675 -0.14900105135 0.94389166699999993 5
FLAG 0.95923092360000006 0.28259756014999998 0.67333471749999996 5
FLAG 0.95156874430000005 -0.30728137150000001 0.70568742995 5
FLAG 0.97898575084999995 0.1434316927 1.2495921745 5
FLAG 0.97898575084999995 0.1434316927 1.082925508 5
FLAG 0.97812666030000006 -0.14626994465000001 1.1016883630000001 5
FLAG 0.97812666030000006 -0.14626994465000001 1.2683550294999999 5
FLAG 0.95806030549999999 0.28656649314999999 1.0000409536999999 5
FLAG 0.95540926705000007 -0.29527099600000001 1.04558003 5
FLAG 0.97916666665000007 0.14282613750000001 1.5833333335000002 5
FLAG 0.97916666665000007 0.14282613750000001 1.4166666664999998 5
FLAG 0.98049130880000002 -0.13830438235 1.425169425 5
FLAG 0.98049130880000002 -0.13830438235 1.5918360920000001 5
FLAG 0.95815241750000002 0.28625783020000001 1.332925508 5
FLAG 0.95861796910000008 -0.28457432700000002 1.3601911215 5
FLAG 0.96409364075000004 0.26466960184999999 1.6292640999999999 5
FLAG 0.96463319994999996 -0.26323087774999998 1.6344812874999999 5
FLAG 0.82020194399999991 0.56403322929999999 1.8612128664999998 5
FLAG 0.90702603284999994 0.41364949610000001 1.8612128664999998 5
FLAG 0.92210669654999999 0.36448288880000002 1.7404769664999999 5
FLAG 0.58511729745000007 0.80408735335000003 1.847921667 5
FLAG 0.71813951899999995 0.69246845630000009 1.847921667 5
FLAG 0.77229701989999999 0.61371407590000004 1.7091345334999999 5
FLAG 0.26671075335 0.95892374525000001 1.8273073025 5
FLAG 0.42988666450000002 0.89953257065000003 1.8273073025 5
FLAG 0.51500396194999998 0.83759452020000003 1.6752289695 5
FLAG -0.09366953238999999 0.9923570142 1.847972467 5
FLAG 0.079978645309999999 0.9923570142 1.847972467 5
FLAG 0.17304122095999999 0.96647300645000001 1.6752797694999999 5
FLAG -0.42781239344999999 0.90032710650000003 1.8501246135 5
FLAG -0.26463648229999998 0.95971828110000001 1.8501246135 5
FLAG -0.18465783698999999 0.96726754230000001 1.6980970805 5
FLAG -0.72372948105000001 0.68734265829999996 1.8399732069999999 5
FLAG -0.59070725950000003 0.79896155535000002 1.8399732069999999 5
FLAG -0.51851965295000002 0.83326325805000001 1.6900978205000001 5
FLAG -0.90285901229999999 0.42101007165000004 1.8873352694999999 5
FLAG -0.81603492344999995 0.57139380485000002 1.8873352694999999 5
FLAG -0.7737199614000001 0.61594885344999994 1.7273084765 5
FLAG -0.99320304315000008 0.082162997900000728 1.8485361280000001 5
FLAG -0.96304935354999999 0.25317306955000002 1.8485361280000001 5
FLAG -0.92621574505000004 0.33216299790000003 1.7358713975 5
FLAG -0.96225018689999997 -0.25783416050000002 1.8900385355 5
FLAG -0.99240387650000006 -0.086824088849999273 1.8900385355 5
FLAG -0.98560691965000002 -0.0046610909499999881 1.7385746635000001 5
FLAG -0.82470365364999998 -0.55573866300000008 1.8391472279999999 5
FLAG -0.91152774250000002 -0.40535492979999999 1.8391472279999999 5
FLAG -0.93408530860000005 -0.32116894699999998 1.7291857634999999 5
FLAG -0.57139380485000002 -0.81603492344999995 1.8498082354999998 5
FLAG -0.70441602640000001 -0.70441602640000001 1.8498082354999998 5
FLAG -0.76307523695000001 -0.61736707969999993 1.6889554634999999 5
FLAG -0.25783416050000002 -0.96225018689999997 1.8498082354999998 5
FLAG -0.42101007165000004 -0.90285901229999999 1.8498082354999998 5
FLAG -0.49240387650000006 -0.85286853195000001 1.6996164709999999 5
FLAG 0.078422029814999988 -0.99233327689999995 1.8497516620000001 5
FLAG -0.095226147885000001 -0.99233327689999995 1.8497516620000001 5
FLAG -0.179412130685 -0.96977571080000002 1.6995598974999999 5
FLAG 0.40656377995000004 -0.90786824080000006 1.8453365355 5
FLAG 0.24338786880000002 -0.96725941540000004 1.8453365355 5
FLAG 0.14816172091500002 -0.97478493929999999 1.6950881975000001 5
FLAG 0.70180610345000005 -0.70659094480000006 1.8268075800000001 5
FLAG 0.56878388189999995 -0.81820984185000001 1.8268075800000001 5
FLAG 0.47534766184999999 -0.86005267885000003 1.6721441155000001 5
FLAG 0.90495769010000005 -0.417339297 1.8598876965 5
FLAG 0.81813360125000001 -0.56772303020000003 1.8598876965 5
FLAG 0.75389526160000009 -0.63152636529999995 1.6866952765000001 5
FLAG 0.91925327085000008 -0.37125572075000002 1.7358662254999999 5
FLAG -0.81984753435000002 -0.56137812330000003 0.41423563315 5
FLAG -0.69893459299999994 -0.71066644395 0.40642475924999999 5
FLAG -0.56991131414999996 -0.81703076410000008 0.44403133620000002 5
FLAG -0.42073478419999999 -0.9031579421 0.44252343430000002 5
FLAG -0.62714282295000001 -0.76074404664999995 0.56346603485000002 5
FLAG -0.98866565335000001 0.14989050484999999 0.48079063370000003 5
FLAG -0.9883298506 -0.010517400349999997 0.56756966630000005 5
FLAG -0.98704859125 -0.0020663174999999978 0.3922581315 5
FLAG -0.98595264635000002 -0.16696302595000001 0.34163685389999998 5
FLAG -0.88923085720000006 0.45277454854999999 0.41834873225000002 5
FLAG -0.95312163755000001 0.27646394925000001 0.42445012580000002 5
FLAG -0.95440289690000002 0.26801286639999999 0.59976166060000002 5
FLAG 0.055248234437500002 -0.99633788719999994 0.45123441190000002 5
FLAG 0.21755522599999999 -0.97095710814999991 0.45030296385000002 5
FLAG 0.27336750970000001 -0.94864625989999996 0.5743975871 5
FLAG 0.3705178193 -0.92687850375000003 0.41773864515000003 5
FLAG 0.53162595855000006 -0.83774802929999992 0.43466276785000002 5
FLAG 0.51371944834999994 0.84516454890000003 0.57587594985000001 5
FLAG 0.37709659014999997 0.92610474670000009 0.48579298155 5
FLAG 0.50323455719999999 0.84943384639999997 0.4003194129 5
FLAG 0.64107959064999998 0.76747275035000007 0.35013916405000001 5
FLAG 0.2624571939 0.95618019865000003 0.60056023450000007 5
FLAG 0.25197230274999999 0.96044949615000008 0.42500369755 5
FLAG 0.067884011206999995 0.99526186184999998 0.41458142910000001 5
FLAG -0.80436609979999996 0.57531121969999999 1.4082078130000002 5
FLAG -0.69973466230000003 0.71394213504999993 1.5003976675000001 5
FLAG -0.78604595649999998 0.59326679155000006 1.5877565595000001 5
FLAG -0.87835139890000002 0.47731793810000001 1.635118622 5
FLAG -0.60911014785000006 0.78095820009999994 1.3858670074999999 5
FLAG -0.59079000455000008 0.79891377195000002 1.565415754 5
FLAG -0.42789513849999999 0.90027932310000003 1.5755671604999999 5
FLAG -0.41791631665000001 0.90463072960000002 0.40539002120000001 5
FLAG -0.56830174524999999 0.81780472235000001 0.4119013279 5
FLAG -0.096486452993000002 0.9907546652 0.44806264984999999 5
FLAG -0.26671512600000002 0.96060120805000004 0.44704514974999998 5
FLAG -0.34260921254999999 0.92554007635000002 0.56507826345000001 5
FLAG -0.89195183979999992 -0.4517305982 1.5013818259999998 5
FLAG -0.94415579360000002 -0.29534230230000003 1.4092447154999999 5
FLAG -0.93556681799999997 -0.31230142039999997 1.5861573455 5
FLAG -0.98628926239999992 -0.16478065110000001 1.6370486529999999 5
FLAG -0.8172569354 -0.56441006579999997 1.5600432385 5
FLAG -0.82584591100000004 -0.54745094770000002 1.3831306084999999 5
FLAG -0.69696930815000002 -0.71308742920000001 1.570704246 5
FLAG -0.57010925145000002 -0.81677402454999992 1.5321071955000001 5
FLAG -0.41972551825000004 -0.90359811339999996 1.5321071955000001 5
FLAG -0.26522928700000004 -0.96088881309999996 1.573855022 5
FLAG -0.34293466195 -0.92479430569999999 1.4063457465 5
FLAG -0.10262127438499999 -0.99097190309999994 1.5737984484999998 5
FLAG -0.27537222140000001 0.95770412714999997 1.534299198 5
FLAG -0.10440527148999999 0.99034286024999996 1.5321470515 5
FLAG -0.033923089199999992 0.98632355429999996 1.4022329665000002 5
FLAG 0.056791295210000002 0.99588696944999999 1.5660308490000001 5
FLAG 0.24352340324999999 0.96245370050000001 1.5453656845000001 5
FLAG 0.88588186045000006 0.43365727599999998 1.4400914330000001 5
FLAG 0.88570094464999993 0.43426283119999998 1.2730169409999998 5
FLAG 0.82233556824999998 0.56878743784999997 1.1913522894999999 5
FLAG 0.89460612529999994 0.42138799204999999 1.0841863644999998 5
FLAG 0.89469492909999992 0.42109109979999998 0.91837630219999999 5
FLAG 0.88902904565000007 -0.43115453479999999 1.3141754735 5
FLAG 0.89139369415000003 -0.42318897249999998 1.4709898690000001 5
FLAG 0.89017419055000002 -0.43099491655 0.99904406049999994 5
FLAG 0.89101824410000008 -0.42826380985000001 1.1568407564999998 5
FLAG 0.82379396915000003 -0.56687845535000003 1.2676395039999999 5
FLAG -0.98708842904999994 0.0042064356500000066 1.5955462455 5
FLAG -0.98788198999999999 -0.00070790440000000066 1.4124313535000002 5
FLAG -0.98719964724999998 0.15941165574999999 1.5139573639999999 5
FLAG -0.93933530110000008 0.30456659595000002 1.4132045885000002 5
FLAG -0.93854174015000003 0.30948093600000004 1.5963194805000001 5
FLAG 0.049785695514999999 -0.99653204360000003 1.5301420874999998 5
FLAG 0.21475153450000001 -0.97145818210000001 1.5257269609999999 5
FLAG 0.36510433259999997 -0.92929017434999994 1.5589268294999998 5
FLAG 0.26672830719999996 -0.9510372786500001 1.3939807195 5
FLAG 0.52732443455 -0.8396317754 1.5403978739999999 5
FLAG 0.84389491625000002 0.53347056294999995 1.5513042994999999 5
FLAG 0.74183249125000006 0.66190578995000005 1.5380131000000001 5
FLAG 0.63325234985000001 0.77246659275000007 1.5656789885000002 5
FLAG 0.70485024619999992 0.69222307979999997 1.4078487545 5
FLAG 0.47802171689999995 0.86791181005000007 1.5450646240000001 5
FLAG 0.72047364605000008 -0.68276162444999999 0.42008109189999998 5
FLAG 0.83767907305 -0.54264380125 0.38668867325 5
FLAG 0.90995247160000003 -0.40362669849999999 0.39214947794999999 5
FLAG 0.87629887654999994 -0.45557774304999998 0.51813072120000003 5
FLAG 0.73846095955000002 0.65779892929999995 0.57415489534999997 5
FLAG 0.74401844215000001 0.64910130725000004 0.39496853965000001 5
FLAG 0.84262198629999996 0.53840658794999996 0.47872105380000002 5
FLAG 0.9042461034 0.40431724265000002 0.40598662084999998 5
FLAG 0.8986886208 0.41301486469999998 0.58517297655 5
FLAG 0.84601376505000003 -0.53121381550000002 1.5723748070000001 5
FLAG 0.72968626724999996 -0.67008173009999994 1.5392946905 5
FLAG 0.91560268850000004 -0.38463360769999999 1.6183904550000001 5
FLAG 0.91634638909999999 0.38546556195000004 1.6112128664999998 5
FLAG 0.72541355995000001 0.67609903414999994 1.2713851520000001 5
FLAG 0.73431874060000002 0.66322419499999996 1.0825545755000001 5
FLAG 0.61683341854999996 0.78665983694999997 1.2990510405000002 5
FLAG 0.6376691766 0.77031025965 0.99223994125000003 5
FLAG 0.73459118489999997 0.66299866335000002 0.91220707874999996 5
FLAG 0.73750306229999996 0.65859446900000007 0.73989992699999996 5
FLAG 0.83415262629999998 0.55150840435000004 0.83021456125000004 5
FLAG 0.89760680650000002 0.41668690544999998 0.74606915045 5
FLAG 0.51035880695000002 0.84707551300000006 1.0762248536500001 5
FLAG 0.51063125124999997 0.84684998135 0.90587735690000004 5
FLAG 0.50570031594999998 0.84898146109999995 1.2386479029999999 5
FLAG 0.37866239060000001 0.92552118279999995 1.1522853186499999 5
FLAG 0.4851370022 0.86510550674999998 1.3751115055000001 5
FLAG 0.38545118145000001 0.92272534195 0.82560589389999994 5
FLAG 0.51276155109999999 0.84596008860000005 0.7416209815 5
FLAG 0.6388995181499999 0.76928918830000004 0.65614741285 5
FLAG 0.23533704646 0.9613718 1.230837556 5
FLAG 0.23999553745999999 0.9594658519 1.0684145066499999 5
FLAG 0.095416930375 0.9954365998000001 0.98087386209999994 5
FLAG 0.23874227451499999 0.95958598259999994 0.90232162475 5
FLAG 0.24087257436499998 0.9586960898500001 0.73806524934999995 5
FLAG 0.25063868855000004 0.95964739719999992 1.3754125660000001 5
FLAG 0.11197183541 0.99359206629999997 1.291541754 5
FLAG 0.36688861429999997 0.93023343420000004 1.4846614864999998 5
FLAG -0.051985896189999999 0.98749055115000006 1.0619187265000001 5
FLAG -0.053239159134999998 0.98761068185000001 0.89582584460000003 5
FLAG -0.049224731289999997 0.98804795710000004 1.2576579565000001 5
FLAG -0.1978808208 0.98022203915000006 1.172609939 5
FLAG -0.19602500379999999 0.98058759399999995 0.79180205049999997 5
FLAG -0.048622177235000001 0.98853364264999999 0.71075718609999994 5
FLAG 0.115748286965 0.99304083930000009 0.67727596535000001 5
FLAG -0.027037557700000006 0.98601775145000004 0.57325217125000005 5
FLAG -0.3413026743 0.92695521005000003 1.2614030445000002 5
FLAG -0.3440638392 0.92639780410000006 1.0656638145000001 5
FLAG -0.48567933889999998 0.87413460609999993 0.98336233795000005 5
FLAG -0.34225748540000001 0.92740143519999996 0.89456923244999997 5
FLAG -0.33764050349999997 0.92832439600000005 0.70950057394999999 5
FLAG -0.34764257300000001 0.92335464104999998 1.4096171315000001 5
FLAG -0.49382559139999999 0.86953040599999998 1.302671007 5
FLAG -0.60609035334999994 0.78110036844999997 1.0685637948500002 5
FLAG -0.60428399955000001 0.78210399954999998 0.89746921280000003 5
FLAG -0.60277024914999999 0.7845587691 1.2376529205 5
FLAG -0.72137490979999996 0.69252816254999994 1.1517597953500001 5
FLAG -0.73381785980000003 0.6792134984 0.79652438400000003 5
FLAG -0.61340684535000001 0.77224773604999997 0.7113229271 5
FLAG -0.61837555440000003 0.76946341640000004 0.56690061660000002 5
FLAG -0.48884169415000001 0.87235391754999991 0.66784544540000002 5
FLAG -0.8138442548 0.55936198989999997 0.90066277790000004 5
FLAG -0.8229671006 0.54950572640000006 0.71451649220000002 5
FLAG -0.81110367159999996 0.56502956284999994 1.0689343203499999 5
FLAG -0.90025291240000005 0.43532179085 0.98692642855000001 5
FLAG -0.80778356740000001 0.56848796349999997 1.2380234460000001 5
FLAG -0.91092618834999994 0.41212026435000004 0.68103801940000008 5
FLAG -0.83089979334999997 0.53197177284999997 0.57689962550000007 5
FLAG -0.69286689644999999 0.71769854085000007 0.45537880959999999 5
FLAG -0.80127176945 0.59016001060000001 0.45182720505000001 5
FLAG -0.94294704455 0.29649056455 1.0691552095499999 5
FLAG -0.94568762774999993 0.29082299160000002 0.90088366710000001 5
FLAG -0.9891643363 0.14671559365 0.81960730829999995 5
FLAG -0.94647020414999994 0.28554681995000003 0.73737852729999998 5
FLAG -0.94275276870000002 0.29774333975 1.2430202215000001 5
FLAG -0.98818748405000001 0.1532445405 1.15697746005 5
FLAG -0.89409486159999996 0.44781261999999999 1.325382338 5
FLAG -0.9885762186 0.0038251948999999952 1.242104216 5
FLAG -0.98877049444999998 0.0025724196999999949 1.0682392040499999 5
FLAG -0.98921401279999999 -0.14647695020000001 0.98013711044999996 5
FLAG -0.98882527824999999 0.0029423954000000058 0.89501035449999999 5
FLAG -0.98960785465000001 -0.0023337762499999887 0.73150521470000007 5
FLAG -0.98846500039999996 -0.15138002519999999 1.3236930975000001 5
FLAG -0.94515876764999995 -0.29016853609999999 1.0655242439999999 5
FLAG -0.94521355144999997 -0.28979856039999996 0.89229539445000006 5
FLAG -0.94485002220000003 -0.29080920300000002 1.2389175779999999 5
FLAG -0.90084956085000001 -0.43413081320000002 1.1510758619999999 5
FLAG -0.90158674680000006 -0.43259722265 0.80379531625 5
FLAG -0.94564199194999998 -0.28890563675000003 0.71840818269999995 5
FLAG -0.94436398789999998 -0.29708926084999998 0.55447263430000004 5
FLAG -0.98799079255 -0.1542905986 0.64297271249999999 5
FLAG -0.81917666235000008 -0.55458508885000002 0.89364533145000002 5
FLAG -0.81960510284999999 -0.55369216519999997 0.71975811970000003 5
FLAG -0.81827756185 -0.55556343190000002 1.0598322954999999 5
FLAG -0.73629591789999993 -0.67665837444999999 0.97579509894999994 5
FLAG -0.81796881639999997 -0.55620409879999999 1.2332256294999999 5
FLAG -0.74668056009999995 -0.66502987894999999 0.66773379640000008 5
FLAG -0.82909064454999992 -0.54304201274999997 0.57788378119999995 5
FLAG -0.89277207710000006 -0.45004040955000002 0.46625995645000001 5
FLAG -0.93512087769999996 -0.31542537140000004 0.39082448624999999 5
FLAG -0.61565780670000003 -0.77300280909999997 1.0581180393 5
FLAG -0.6165569072 -0.77202446604999997 0.89193107525000004 5
FLAG -0.49701917004999996 -0.86773863374999993 0.78766331369999998 5
FLAG -0.61765728124999997 -0.77139419909999996 0.7053403733500001 5
FLAG -0.61641385530000004 -0.77257016175000004 1.2532899915 5
FLAG -0.4966748446 -0.86793625334999991 1.1694259678000001 5
FLAG -0.74327391200000004 -0.66888356640000002 1.2918870419999999 5
FLAG -0.6242909499 -0.76381701064999996 1.4031949705 5
FLAG -0.355940115 -0.92211935974999992 1.2555147555000001 5
FLAG -0.3551840664 -0.92255200709999996 1.0603428033 5
FLAG -0.21156073205000001 -0.97736038474999998 0.97685715270000006 5
FLAG -0.35229546165000003 -0.92317727834999996 0.89076836500000001 5
FLAG -0.35339583569999999 -0.92254701140000006 0.70417766310000007 5
FLAG -0.20144388375 -0.97941005944999993 1.2972625820000001 5
FLAG -0.063918883859999998 -0.98648863544999998 1.0601610243500001 5
FLAG -0.061030279110000002 -0.98711390669999999 0.89058658604999996 5
FLAG -0.049036913850000002 -0.98497019995000001 1.2536062210000001 5
FLAG 0.10149353909 -0.99472372190000002 1.16733565435 5
FLAG -0.036031460799999998 -0.98764514589999997 1.4044372119999999 5
FLAG 0.10350824274000001 -0.99448351084999997 0.79042618175000001 5
FLAG -0.044133605450000002 -0.98535526014999997 0.70712231009999993 5
FLAG -0.19611353970000001 -0.98049755319999998 0.66351840350000002 5
FLAG -0.34083724809999999 -0.92505890860000006 0.5604133522000001 5
FLAG -0.031575017849999998 -0.98786715734999997 0.56335799919999996 5
FLAG 0.24721266519999999 -0.95949526915000005 1.2521389864999999 5
FLAG 0.23233069518999999 -0.96101370465000002 1.05869378985 5
FLAG 0.38142351045 -0.92439319885000004 0.9787379301500001 5
FLAG 0.23570438433999999 -0.95962165160000001 0.89393459799999997 5
FLAG 0.25260105799999999 -0.95786300504999999 0.71047032204999994 5
FLAG 0.39756546329999998 -0.91732726140000009 1.285338855 5
FLAG 0.50599007115000005 -0.8495877087 1.0559462922 5
FLAG 0.50936376029999997 -0.84819565564999999 0.89118710035000004 5
FLAG 0.50674850085000001 -0.84896479565000005 1.2280115785000001 5
FLAG 0.63468875070000008 -0.77276725245 1.1404607487 5
FLAG 0.52626414285000001 -0.84050680514999998 1.3698533115 5
FLAG 0.63484713240000001 -0.77263685545000005 0.81290495344999991 5
FLAG 0.51028057169999996 -0.84744234559999998 0.73569659139999999 5
FLAG 0.53104702339999998 -0.83822560044999994 0.59962385645000005 5
FLAG 0.40556365129999999 -0.91378440064999999 0.67790600334999995 5
FLAG 0.73061517399999998 -0.66806603490000005 1.2114154109999999 5
FLAG 0.72985674430000003 -0.66868894795 1.0393501246999999 5
FLAG 0.73334399355000002 -0.66351391770000001 0.88126968854999999 5
FLAG 0.73426080495000001 -0.66276060765 0.72577917959999994 5
FLAG 0.82927041685000003 -0.55881270015000006 0.95222435085000001 5
FLAG 0.72862597554999997 -0.67095675985000003 1.3687501280000001 5
FLAG 0.63650747210000003 -0.77126930965000007 1.4830705975 5
FLAG 0.81839157205000002 -0.57411625784999998 0.65340691559999997 5
FLAG 0.71989471090000001 -0.68323919560000002 0.58504218050000001 5
FLAG 0.63634287895000008 -0.77140597425000001 0.49245335589999994 5
FLAG 0.89366143980000001 -0.42581988630000001 0.84096362435000005 5
FLAG 0.89066497060000005 -0.43509915509999997 0.65886772029999996 5
FLAG -0.2634524882 -0.96110848389999992 0.40186417470000002 5
FLAG -0.096731699812500002 -0.99148018024999995 0.4076305053 5
FLAG 1.3 0 0 4
FLAG 1.3 0 2 4
FLAG 1.255703574 0.33646475860000002 0 4
FLAG 1.1258330249999999 0.65000000000000002 0 4
FLAG 0.91923881549999997 0.91923881549999997 0 4
FLAG 0.65000000000000002 1.1258330249999999 0 4
FLAG 0.33646475860000002 1.255703574 0 4
FLAG -3.9616097680000003e-15 1.3 0 4
FLAG -0.33646475860000002 1.255703574 0 4
FLAG -0.65000000000000002 1.1258330249999999 0 4
FLAG -0.91923881549999997 0.91923881549999997 0 4
FLAG -1.1258330249999999 0.65000000000000002 0 4
FLAG -1.255703574 0.33646475860000002 0 4
FLAG -1.3 -5.0366396710000001e-15 0 4
FLAG -1.255703574 -0.33646475860000002 0 4
FLAG -1.1258330249999999 -0.65000000000000002 0 4
FLAG -0.91923881549999997 -0.91923881549999997 0 4
FLAG -0.65000000000000002 -1.1258330249999999 0 4
FLAG -0.33646475860000002 -1.255703574 0 4
FLAG 2.0704577650000001e-15 -1.3 0 4
FLAG 0.33646475860000002 -1.255703574 0 4
FLAG 0.65000000000000002 -1.1258330249999999 0 4
FLAG 0.91923881549999997 -0.91923881549999997 0 4
FLAG 1.1258330249999999 -0.65000000000000002 0 4
FLAG 1.255703574 -0.33646475860000002 0 4
FLAG 1.2778517869999999 0.16823237930000001 0 4
FLAG 1.1907682995 0.49323237930000002 0 4
FLAG 1.02253592025 0.78461940774999994 0 4
FLAG 0.78461940774999994 1.02253592025 0 4
FLAG 0.49323237930000002 1.1907682995 0 4
FLAG 0.16823237929999804 1.2778517869999999 0 4
FLAG -0.16823237930000198 1.2778517869999999 0 4
FLAG -0.49323237930000002 1.1907682995 0 4
FLAG -0.78461940774999994 1.02253592025 0 4
FLAG -1.02253592025 0.78461940774999994 0 4
FLAG -1.1907682995 0.49323237930000002 0 4
FLAG -1.2778517869999999 0.16823237929999749 0 4
FLAG -1.2778517869999999 -0.16823237930000254 0 4
FLAG -1.1907682995 -0.49323237930000002 0 4
FLAG -1.02253592025 -0.78461940774999994 0 4
FLAG -0.78461940774999994 -1.02253592025 0 4
FLAG -0.49323237930000002 -1.1907682995 0 4
FLAG -0.16823237929999899 -1.2778517869999999 0 4
FLAG 0.16823237930000104 -1.2778517869999999 0 4
FLAG 0.49323237930000002 -1.1907682995 0 4
FLAG 0.78461940774999994 -1.02253592025 0 4
FLAG 1.02253592025 -0.78461940774999994 0 4
FLAG 1.1907682995 -0.49323237930000002 0 4
FLAG 1.2778517869999999 -0.16823237930000001 0 4
FLAG 1.3 0 0.33333333329999998 4
FLAG 1.3 0 0.66666666669999997 4
FLAG 1.3 0 1 4
FLAG 1.3 0 1.3333333329999999 4
FLAG 1.3 0 1.6666666670000001 4
FLAG 1.3 0 0.16666666664999999 4
FLAG 1.3 0 0.5 4
FLAG 1.3 0 0.83333333334999993 4
FLAG 1.3 0 1.1666666664999998 4
FLAG 1.3 0 1.5 4
FLAG 1.3 0 1.8333333335000002 4
FLAG 1.255703574 0.33646475860000002 2 4
FLAG 1.1258330249999999 0.65000000000000002 2 4
FLAG 0.91923881549999997 0.91923881549999997 2 4
FLAG 0.65000000000000002 1.1258330249999999 2 4
FLAG 0.33646475860000002 1.255703574 2 4
FLAG -3.9616097680000003e-15 1.3 2 4
FLAG -0.33646475860000002 1.255703574 2 4
FLAG -0.65000000000000002 1.1258330249999999 2 4
FLAG -0.91923881549999997 0.91923881549999997 2 4
FLAG -1.1258330249999999 0.65000000000000002 2 4
FLAG -1.255703574 0.33646475860000002 2 4
FLAG -1.3 -5.0366396710000001e-15 2 4
FLAG -1.255703574 -0.33646475860000002 2 4
FLAG -1.1258330249999999 -0.65000000000000002 2 4
FLAG -0.91923881549999997 -0.91923881549999997 2 4
FLAG -0.65000000000000002 -1.1258330249999999 2 4
FLAG -0.33646475860000002 -1.255703574 2 4
FLAG 2.0704577650000001e-15 -1.3 2 4
FLAG 0.33646475860000002 -1.255703574 2 4
FLAG 0.65000000000000002 -1.1258330249999999 2 4
FLAG 0.91923881549999997 -0.91923881549999997 2 4
FLAG 1.1258330249999999 -0.65000000000000002 2 4
FLAG 1.255703574 -0.33646475860000002 2 4
FLAG 1.2778517869999999 0.16823237930000001 2 4
FLAG 1.1907682995 0.49323237930000002 2 4
FLAG 1.02253592025 0.78461940774999994 2 4
FLAG 0.78461940774999994 1.02253592025 2 4
FLAG 0.49323237930000002 1.1907682995 2 4
FLAG 0.16823237929999804 1.2778517869999999 2 4
FLAG -0.16823237930000198 1.2778517869999999 2 4
FLAG -0.49323237930000002 1.1907682995 2 4
FLAG -0.78461940774999994 1.02253592025 2 4
FLAG -1.02253592025 0.78461940774999994 2 4
FLAG -1.1907682995 0.49323237930000002 2 4
FLAG -1.2778517869999999 0.16823237929999749 2 4
FLAG -1.2778517869999999 -0.16823237930000254 2 4
FLAG -1.1907682995 -0.49323237930000002 2 4
FLAG -1.02253592025 -0.78461940774999994 2 4
FLAG -0.78461940774999994 -1.02253592025 2 4
FLAG -0.49323237930000002 -1.1907682995 2 4
FLAG -0.16823237929999899 -1.2778517869999999 2 4
FLAG 0.16823237930000104 -1.2778517869999999 2 4
FLAG 0.49323237930000002 -1.1907682995 2 4
FLAG 0.78461940774999994 -1.02253592025 2 4
FLAG 1.02253592025 -0.78461940774999994 2 4
FLAG 1.1907682995 -0.49323237930000002 2 4
FLAG 1.2778517869999999 -0.16823237930000001 2 4
FLAG -0.16372315130000001 -1.289649072 0.29319947330000001 4
FLAG -1.2022214040000001 -0.4946349122 0.2934107406 4
FLAG -1.025709005 0.79869959079999997 1.7687478800000001 4
FLAG 0.78609090950000005 -1.035403826 0.2931883254 4
FLAG 0.80053027990000003 1.0242808560000001 0.33486524699999998 4
FLAG -0.2267333262 1.280074997 1.682510688 4
FLAG -0.78756521209999997 -1.0342828610000001 1.660274764 4
FLAG 0.1726664886 -1.2884821630000001 1.711975582 4
FLAG -1.289787327 -0.16263041049999999 1.7450907339999999 4
FLAG -1.289975683 0.16112956710000001 0.29549034029999999 4
FLAG -0.80285796249999997 1.022457379 0.3333671641 4
FLAG 0.48052590810000001 1.2079299859999999 1.6998245460000001 4
FLAG 0.1691499102 1.2889485279999999 0.28580595089999999 4
FLAG -0.78835853170000003 -1.033678299 0.33193194819999999 4
FLAG 0.82143549339999999 -1.007593038 1.677793874 4
FLAG 1.2678352100000001 0.28739151080000003 1.1663654889999999 4
FLAG 1.267948718 -0.28689030770000001 1.1666666670000001 4
FLAG 1.0498108639999999 0.76674451379999997 1.70029915 4
FLAG 1.267948718 -0.28689030770000001 0.5 4
FLAG 1.267948718 0.28689030770000001 0.5 4
FLAG 1.1966497309999999 -0.50796596549999995 1.700956957 4
FLAG 1.267948718 0.28689030770000001 1.5 4
FLAG 1.1575319509999999 0.59170920469999999 1.3799235030000001 4
FLAG 1.1706551869999999 0.56530207249999997 1.005712487 4
FLAG 1.018377546 0.80802671660000003 1.1650974199999999 4
FLAG 1.014714562 0.81262190290000003 0.84001929610000003 4
FLAG 0.81157897430000003 1.0155489 0.99778138090000001 4
FLAG 0.80832487129999997 1.0181409050000001 1.3187563090000001 4
FLAG 0.56812935949999999 1.169285693 1.1538414180000001 4
FLAG 0.5648546405 1.1708711439999999 0.82594318119999999 4
FLAG 0.29581275899999998 1.265896841 0.982628803 4
FLAG 0.30651823569999997 1.263347368 1.37030596 4
FLAG 9.2713898599999998e-05 1.299999997 1.1612748799999999 4
FLAG 0.0067958956450000002 1.299982237 0.81773649209999999 4
FLAG -0.2932551987 1.266491764 0.99156645840000002 4
FLAG -0.31045944060000003 1.262384623 0.61654971510000001 4
FLAG -0.57233240689999998 1.1672341740000001 0.82258696809999998 4
FLAG -0.57267313659999997 1.1670670409999999 1.161592741 4
FLAG -0.82011269109999996 1.008670003 0.99142192110000005 4
FLAG -0.81290737580000005 1.014485879 1.3255573119999999 4
FLAG -1.021199956 0.80445674219999996 1.1501432140000001 4
FLAG -1.020830033 0.80492611120000002 0.83026634600000004 4
FLAG -1.1773890520000001 0.55113974700000001 0.98979531200000004 4
FLAG -1.1793101079999999 0.54701706480000001 1.329296772 4
FLAG -1.2718080389999999 0.26926624869999999 1.1588081530000001 4
FLAG -1.2705345219999999 0.2752126963 0.82819367669999999 4
FLAG -1.299814255 -0.021975057449999998 0.98975192700000003 4
FLAG -1.2754661220000001 0.25136859480000001 1.4779074839999999 4
FLAG -0.55034424689999994 1.177761101 1.4997027199999999 4
FLAG -1.2999175709999999 -0.014639257290000001 0.61572128999999998 4
FLAG -1.2607192949999999 -0.31715431490000001 0.82024569950000004 4
FLAG -1.2604087420000001 -0.31838624970000001 1.152251224 4
FLAG -1.157892103 -0.59100412660000001 0.98648320199999995 4
FLAG -1.144469679 -0.6165948054 1.368734503 4
FLAG -0.99584123800000002 -0.83564360140000005 1.1558736350000001 4
FLAG -0.99237460609999995 -0.83975748949999995 0.82663875819999999 4
FLAG -0.78232813189999995 -1.0382498229999999 0.98710544649999998 4
FLAG -0.78331102029999999 -1.0375084800000001 1.30500945 4
FLAG -0.53496593219999999 -1.184825494 1.1428157290000001 4
FLAG -0.53670352690000001 -1.18403941 0.82430471549999995 4
FLAG -0.25290826119999998 -1.2751617200000001 0.98357436929999997 4
FLAG -0.28470194510000002 -1.2684418799999999 1.364759821 4
FLAG 0.043672522700000001 -1.29926622 1.1528714449999999 4
FLAG 0.037413320860000002 -1.299461521 0.82156623439999998 4
FLAG 0.33398679209999999 -1.2563649240000001 0.98243738079999998 4
FLAG 0.33405704180000001 -1.256346247 0.61116369749999999 4
FLAG 0.60728100780000005 -1.149438897 0.81200329100000002 4
FLAG 0.60795699430000005 -1.1490815000000001 1.1511860190000001 4
FLAG 0.84988567420000005 -0.98371456270000002 0.98130683969999999 4
FLAG 0.85046905630000003 -0.98321024420000003 1.3195872559999999 4
FLAG 1.0434664899999999 -0.77535648800000001 1.1551991580000001 4
FLAG 1.045907157 -0.77206101979999997 0.83061799859999996 4
FLAG 1.0491295359999999 -0.76767650529999998 1.4876148069999999 4
FLAG -1.299775997 -0.024132061730000001 1.3034105659999999 4
FLAG -0.27776051070000002 1.2699799599999999 1.326581024 4
FLAG 1.267948718 -0.28689030770000001 0.83333333330000003 4
FLAG 1.2678001400000001 0.28754617910000002 0.83428216690000001 4
FLAG 0.80094998129999995 1.023952698 1.658946928 4
FLAG -0.46846126669999999 -1.2126599039999999 0.3038622909 4
FLAG -0.47320761140000001 -1.210815658 1.6944807120000001 4
FLAG -0.15165517710000001 -1.291123816 1.7041603890000001 4
FLAG 0.17136998010000001 -1.2886552410000001 0.2885744556 4
FLAG 0.49456332520000001 -1.202250855 0.28769958890000003 4
FLAG -1.0556276330000001 0.758716218 0.30620539250000001 4
FLAG -1.2136255279999999 0.46595394509999999 0.29765097000000001 4
FLAG -1.28887832 -0.16968404989999999 0.2936908895 4
FLAG -1.0453398650000001 -0.77282893699999999 0.30383588340000001 4
FLAG -1.201835091 -0.49557281419999999 1.7084857659999999 4
FLAG -1.0426831590000001 -0.77640957649999998 1.6960465119999999 4
FLAG -0.16968404989999999 1.28887832 0.2936908895 4
FLAG -0.4880432529 1.204912355 0.29898650840000002 4
FLAG 0.49748846209999997 1.2010433920000001 0.2936908895 4
FLAG 0.31608003150000002 1.2609890619999999 0.60405196309999998 4
FLAG 0.16968404989999999 1.28887832 1.7063091100000001 4
FLAG 0.50136499810000001 -1.1994303390000001 1.7074506220000001 4
FLAG 0.33613117009999999 -1.2557929109999999 1.385419599 4
FLAG 1.0517812200000001 0.76403943910000005 0.30716205600000002 4
FLAG 1.0082019360000001 -0.82068803869999996 0.2944476533 4
FLAG 1.1569586789999999 0.59282933140000005 0.62182929460000003 4
FLAG 0.87274723890000006 -0.9634896248 0.61563420800000002 4
FLAG -0.79302155510000005 1.030105244 1.688359824 4
FLAG -1.162281151 0.58232510410000005 0.62324250869999998 4
FLAG -1.14554014 -0.61460376510000003 0.61763728470000001 4
FLAG -0.78445915020000001 -1.036640652 0.67695050329999995 4
FLAG -0.2845327882 -1.2684798349999999 0.61747964099999997 4
FLAG -0.81512243289999997 1.012706976 0.67920706630000005 4
FLAG 0.80918268459999998 1.017459278 0.68380184649999998 4
FLAG -1.1947151540000001 0.51249946449999995 1.7018900589999999 4
FLAG 1.2060073339999999 0.48533113430000002 1.7230558739999999 4
FLAG 1.1905519389999999 -0.52209776799999996 0.30950341879999999 4
FLAG 1.2062005730000001 0.48485067609999999 0.2786214253 4
FLAG 1.2697949239999999 -0.27860518629999997 1.4853834340000001 4
FLAG 1.1855098610000001 -0.53344762670000001 1.3324227769999999 4
FLAG 1.184994689 -0.53459104680000002 1 4
FLAG 1.1859457090000001 -0.53247795659999997 0.67112099979999995 4
FLAG -1.2725744999999999 -0.26562029770000001 1.472879871 4
FLAG -0.0030555356359999999 1.299996409 1.452893583 4
FLAG 0.6309405656 -1.1366239499999999 1.4472439070000001 4
FLAG 0.023920030179999999 -1.299779917 1.460614361 4
FLAG 0.0027227244450000001 1.299997149 0.52573940620000004 4
FLAG -1.255703574 -0.33646475860000002 0.52846276390000002 4
FLAG -1.28887832 0.16968404989999999 1.7683779260000001 4
FLAG 1.031359342 -0.79138985770000003 1.771478702 4
FLAG 0.0097440596389999998 -1.2999634819999999 0.52994214839999998 4
FLAG -0.49748846209999997 1.2010433920000001 1.772827744 4
FLAG -0.96466802900000004 -0.87144454429999996 1.435652752 4
FLAG 0.63059709220000004 -1.1368145439999999 0.52765664400000001 4
FLAG 0.60046518650000003 1.1530141199999999 1.4394632469999999 4
FLAG -1.2639562769999999 0.30399758240000002 0.54010544829999996 4
FLAG -0.57466183370000001 -1.166089095 1.432391848 4
FLAG 0.60411516220000006 1.1511059340000001 0.54977612200000003 4
FLAG -0.60465992719999995 1.1508198700000001 0.55113767489999999 4
FLAG 0.990774669 0.84164455400000004 1.4388554229999999 4
FLAG -1.008727972 0.82004138839999996 1.448721718 4
FLAG 0.98045701159999998 0.85364163940000004 0.55888081209999996 4
FLAG -0.96538806889999995 -0.87064681499999996 0.55228677059999998 4
FLAG -0.57971404390000003 -1.1635856769999999 0.55203007660000003 4
FLAG -0.98546032920000004 0.84786080200000002 0.55591372500000003 4
FLAG 1.06863661 -0.74028088999999997 0.55030526889999998 4
FLAG 1.2760724510000001 -0.2482722306 1.7517804939999999 4
FLAG 1.2805558909999999 0.22400136039999999 0.22453550359999999 4
FLAG 1.276978656 -0.24356828790000001 0.24297519889999999 4
FLAG 1.2805289790000001 0.2241551561 1.775837143 4
FLAG -1.299892418 0.016724297780000001 1.5617242979999999 4
FLAG 1.2681297324999998 0.28023305949999999 0.1122677518 4
FLAG 1.2902779455 0.11200068019999999 0.1122677518 4
FLAG 1.288489328 -0.12178414395000001 0.12148759945 4
FLAG 1.2663411149999999 -0.29001652325000005 0.12148759945 4
FLAG 1.2902779455 0.11200068019999999 0.27893441845 4
FLAG 1.288489328 -0.12178414395000001 0.2881542661 4
FLAG 1.2880362255 -0.1241361153 1.8758902470000001 4
FLAG 1.2880362255 -0.1241361153 1.7092235805 4
FLAG 1.2902644895000002 0.11207757805 1.7212519049999999 4
FLAG 1.2902644895000002 0.11207757805 1.8879185715 4
FLAG 1.2681162765 0.28030995735000003 1.8879185715 4
FLAG 1.2658880125 -0.29236849460000003 1.8758902470000001 4
FLAG 1.1660167989999999 0.56742533805000006 0.13931071265 4
FLAG 1.2309520735000001 0.41065771735000001 0.13931071265 4
FLAG 1.243378232 0.35442601824999997 0.25157846444999998 4
FLAG 0.98551001775000002 0.84163912730000001 0.15358102800000001 4
FLAG 1.0888071225 0.70701971955000009 0.15358102800000001 4
FLAG 1.1289908965 0.62444505760000002 0.29289174065000001 4
FLAG 0.72526513995000008 1.0750569405000001 0.16743262349999999 4
FLAG 0.8598845477 0.97175983575000002 0.16743262349999999 4
FLAG 0.92615574995000005 0.89416014755000006 0.3210136515 4
FLAG 0.41697661035 1.2283734829999999 0.14684544475 4
FLAG 0.57374423105000005 1.1634382085000001 0.14684544475 4
FLAG 0.649009371 1.1126621240000001 0.31427806824999999 4
FLAG 0.084574955099998017 1.294474264 0.14290297545 4
FLAG 0.25280733440000003 1.2723260509999998 0.14290297545 4
FLAG 0.33331918615 1.24499596 0.28974842020000002 4
FLAG -0.25307440425 1.2722909470000001 0.14684544475 4
FLAG -0.084842024950001982 1.29443916 0.14684544475 4
FLAG -0.00026706984999999572 1.288913424 0.28974842020000002 4
FLAG -0.56902162644999998 1.1653726899999999 0.14949325420000001 4
FLAG -0.41225400575000004 1.2303079645000001 0.14949325420000001 4
FLAG -0.32886365140000001 1.2468953375 0.29633869894999998 4
FLAG -0.86104838900000003 0.97084809724999999 0.16668358205 4
FLAG -0.72642898124999999 1.074145202 0.16668358205 4
FLAG -0.64545060769999996 1.1136848669999999 0.31617683625000004 4
FLAG -1.0907303289999999 0.70435810899999995 0.15310269625 4
FLAG -0.98743322425000002 0.83897751674999999 0.15310269625 4
FLAG -0.92924279774999996 0.8905867985 0.3197862783 4
FLAG -1.2346645509999998 0.40120935185000001 0.14882548500000001 4
FLAG -1.1697292765 0.55797697255000001 0.14882548500000001 4
FLAG -1.1346265805 0.61233508154999994 0.30192818124999998 4
FLAG -1.2949878415 0.080564783549997493 0.14774517014999999 4
FLAG -1.2728396284999999 0.24879716285000003 0.14774517014999999 4
FLAG -1.2518006054999999 0.31354175610000001 0.29657065515000003 4
FLAG -1.2722909470000001 -0.25307440425 0.14684544475 4
FLAG -1.29443916 -0.084842024950002509 0.14684544475 4
FLAG -1.2894270015 -0.0042772413999999925 0.29459061489999999 4
FLAG -1.1640272144999999 -0.57231745609999995 0.1467053703 4
FLAG -1.2289624890000002 -0.41554983540000001 0.1467053703 4
FLAG -1.2455498620000001 -0.33215948104999998 0.29355081505000002 4
FLAG -0.98228934025000003 -0.84603387624999993 0.1519179417 4
FLAG -1.0855864450000001 -0.71141446850000001 0.1519179417 4
FLAG -1.1237806345000001 -0.63373192459999994 0.29862331200000003 4
FLAG -0.71917926585000003 -1.0797556619999999 0.1659659741 4
FLAG -0.85379867360000006 -0.97645855724999997 0.1659659741 4
FLAG -0.91684919835000001 -0.90325361799999992 0.31788391579999997 4
FLAG -0.40246301265000001 -1.2341817389999998 0.15193114545 4
FLAG -0.55923063335000001 -1.1692464645 0.15193114545 4
FLAG -0.62840989920000001 -1.1231691014999998 0.31789711955 4
FLAG -0.081861575649998963 -1.2948245360000001 0.14659973665000001 4
FLAG -0.25009395495000003 -1.272676323 0.14659973665000001 4
FLAG -0.31609220900000001 -1.2511544880000001 0.29853088210000001 4
FLAG 0.25391736935000003 -1.2721794074999999 0.1442872278 4
FLAG 0.085684990050001048 -1.2943276205000001 0.1442872278 4
FLAG 0.0038234144000000025 -1.2891521565000001 0.29088696445000001 4
FLAG 0.57228166260000002 -1.1640419399999999 0.14384979445000001 4
FLAG 0.41551404190000002 -1.2289772145 0.14384979445000001 4
FLAG 0.33296665265000003 -1.2454530479999999 0.28813702225000004 4
FLAG 0.85266486249999995 -0.97732132075 0.1465941627 4
FLAG 0.71804545475000003 -1.0806184255 0.1465941627 4
FLAG 0.64032711735000003 -1.1188273405 0.29044395715000004 4
FLAG 1.0670174805000001 -0.73534401935000004 0.14722382665 4
FLAG 0.96372037575000002 -0.86996342709999996 0.14722382665 4
FLAG 0.89714642275000012 -0.92804593234999999 0.29381798935000003 4
FLAG 1.2231277564999998 -0.42928126329999999 0.15475170939999999 4
FLAG 1.158192482 -0.58604888399999999 0.15475170939999999 4
FLAG 1.0993769375 -0.6713929033499999 0.30197553604999999 4
FLAG 1.2337652975 -0.38283302794999996 0.27623930884999998 4
FLAG 1.2839743590000001 -0.14344515385000001 0.58333333334999993 4
FLAG 1.2839743590000001 -0.14344515385000001 0.41666666664999996 4
FLAG 1.2839743590000001 0.14344515385000001 0.41666666664999996 4
FLAG 1.2839743590000001 0.14344515385000001 0.58333333334999993 4
FLAG 1.2724636870000001 -0.26522929780000004 0.37148759944999998 4
FLAG 1.2742523045 0.25544583404999999 0.36226775179999998 4
FLAG 1.2839743590000001 -0.14344515385000001 0.91666666665000007 4
FLAG 1.2839743590000001 -0.14344515385000001 0.75 4
FLAG 1.2839000700000001 0.14377308955000001 0.75047441679999993 4
FLAG 1.2839000700000001 0.14377308955000001 0.91714108345000001 4
FLAG 1.267948718 -0.28689030770000001 0.66666666665000007 4
FLAG 1.2678744289999999 0.28721824340000002 0.66714108345000001 4
FLAG 1.2839176050000001 0.14369575540000001 1.0831827445 4
FLAG 1.2839176050000001 0.14369575540000001 1.249849411 4
FLAG 1.2839743590000001 -0.14344515385000001 1.25 4
FLAG 1.2839743590000001 -0.14344515385000001 1.0833333335000002 4
FLAG 1.2678176750000001 0.28746884495000002 1.00032382795 4
FLAG 1.267948718 -0.28689030770000001 1.00000000015 4
FLAG 1.2839743590000001 0.14344515385000001 1.4166666664999998 4
FLAG 1.2839743590000001 0.14344515385000001 1.5833333335000002 4
FLAG 1.284897462 -0.13930259314999999 1.5760250505000002 4
FLAG 1.284897462 -0.13930259314999999 1.4093583834999999 4
FLAG 1.2678919639999999 0.28714090925000002 1.3331827445 4
FLAG 1.2688718209999998 -0.28274774699999999 1.3260250505000002 4
FLAG 1.2742388485 0.25552273190000002 1.6379185715 4
FLAG 1.2729336875000001 -0.26343870845 1.6185819640000001 4
FLAG 1.2308554539999998 0.41089794645 1.861527937 4
FLAG 1.1659201795 0.56766556715000005 1.861527937 4
FLAG 1.2432681565000001 0.3547431452 1.7494465084999999 4
FLAG 1.0878219444999999 0.70837225689999994 1.8501495750000001 4
FLAG 0.98452483974999994 0.84299166464999997 1.8501495750000001 4
FLAG 1.127909099 0.62603782404999997 1.7116775120000001 4
FLAG 0.86009439840000002 0.97159575674999998 1.8294734639999999 4
FLAG 0.72547499064999998 1.0748928615 1.8294734639999999 4
FLAG 0.92538042264999998 0.89534860589999998 1.679623039 4
FLAG 0.56526295405000004 1.1668815054999999 1.8499122730000002 4
FLAG 0.40849533334999999 1.2318167799999999 1.8499122730000002 4
FLAG 0.64073794470000001 1.1159413419999999 1.679385737 4
FLAG 0.25307440425 1.2722909470000001 1.8531545550000001 4
FLAG 0.084842024949998013 1.29443916 1.8531545550000001 4
FLAG 0.32510497900000002 1.2484041530000001 1.7030668280000001 4
FLAG -0.11336666310000199 1.2900374985 1.8412553439999999 4
FLAG -0.2815990424 1.2678892854999999 1.8412553439999999 4
FLAG -0.028524638150000003 1.2844766585 1.6944098990000001 4
FLAG -0.41697661035 1.2283734829999999 1.8864138719999999 4
FLAG -0.57374423105000005 1.1634382085000001 1.8864138719999999 4
FLAG -0.36211089414999997 1.2405591945000001 1.727669216 4
FLAG -0.72151077755000004 1.0779691345 1.844179912 4
FLAG -0.85613018530000007 0.97467202975 1.844179912 4
FLAG -0.64525500859999996 1.1155743180000002 1.7305937839999999 4
FLAG -0.97247391024999996 0.85896920315000003 1.8843739400000001 4
FLAG -1.0757710149999999 0.7243497954 1.8843739400000001 4
FLAG -0.90936528005000006 0.91440241740000006 1.7285538520000001 4
FLAG -1.1602740895000001 0.58124973224999998 1.8509450295000001 4
FLAG -1.2252093639999999 0.42448211154999999 1.8509450295000001 4
FLAG -1.1102120795000001 0.65559952764999996 1.7353189695 4
FLAG -1.2722909470000001 0.25307440425 1.8841889630000002 4
FLAG -1.29443916 0.084842024949997485 1.8841889630000002 4
FLAG -1.241796737 0.34109175719999996 1.7351339925 4
FLAG -1.2948936634999999 -0.081315205250002506 1.8725453669999998 4
FLAG -1.2727454505 -0.24954758455000001 1.8725453669999998 4
FLAG -1.2893328235000001 0.0035268197000000029 1.75673433 4
FLAG -1.2287693325 -0.41601878640000001 1.854242883 4
FLAG -1.1638340579999999 -0.57278640709999995 1.854242883 4
FLAG -1.245811209 -0.32910161235000002 1.7267882499999998 4
FLAG -1.084258092 -0.71320478825 1.8480232559999998 4
FLAG -0.98096098725000003 -0.84782419599999992 1.8480232559999998 4
FLAG -1.122259125 -0.63599119534999993 1.7022661389999998 4
FLAG -0.85340201380000003 -0.97676083825000004 1.830137382 4
FLAG -0.71878260604999999 -1.0800579429999999 1.830137382 4
FLAG -0.91512418555000008 -0.9053462187500001 1.678160638 4
FLAG -0.56160380570000001 -1.1683243415 1.8472403559999999 4
FLAG -0.40483618500000002 -1.233259616 1.8472403559999999 4
FLAG -0.63038641174999999 -1.1225492595 1.6773777380000001 4
FLAG -0.24405996785 -1.2734136949999999 1.8520801945000001 4
FLAG -0.075827588549998964 -1.295561908 1.8520801945000001 4
FLAG -0.31243139424999999 -1.2509697370000001 1.6993205505 4
FLAG 0.086333244300001041 -1.2942410815000001 1.855987791 4
FLAG 0.25456562360000001 -1.2720928685000001 1.855987791 4
FLAG 0.010505655749999995 -1.2898029895000001 1.7080679855000001 4
FLAG 0.41891487835000002 -1.2275669565 1.853725311 4
FLAG 0.57568249905000002 -1.162631682 1.853725311 4
FLAG 0.33701574335000001 -1.2439562510000002 1.709713102 4
FLAG 0.73571774670000001 -1.0667130315 1.8388969369999999 4
FLAG 0.87033715445000004 -0.96341592674999998 1.8388969369999999 4
FLAG 0.66140024575 -1.1035116885 1.6926222480000002 4
FLAG 0.97529907874999999 -0.8553143366 1.885739351 4
FLAG 1.0785961835 -0.72069492884999997 1.885739351 4
FLAG 0.92639741770000006 -0.89949144785000001 1.7246362880000001 4
FLAG 1.1612413779999999 -0.57898298274999993 1.8504784784999999 4
FLAG 1.2261766525 -0.42221536204999999 1.8504784784999999 4
FLAG 1.1140045365 -0.64967791159999999 1.7362178295000001 4
FLAG 1.236361091 -0.37811909804999999 1.7263687255 4
FLAG -0.22412796974999999 -1.2790644535 0.45533955714999996 4
FLAG -0.37649702745000002 -1.2405698694999998 0.46067096595000001 4
FLAG 0.090557019869500002 -1.2943093614999999 0.40925830200000002 4
FLAG -0.076989545830500009 -1.2948062769999999 0.41157081085000002 4
FLAG -0.1373943642805 -1.2842216584999999 0.57371089470000003 4
FLAG -1.2289624890000002 -0.41554983540000001 0.41093675225000004 4
FLAG -1.2722909470000001 -0.25307440425 0.41107682670000001 4
FLAG -1.0954400025000002 -0.69371635104999996 0.46073658405000001 4
FLAG -1.173880772 -0.55461933865000002 0.45552401264999998 4
FLAG -1.200621857 -0.47553426185000003 0.57305002430000007 4
FLAG -0.90087476355000007 0.9250733162 1.5685407709999999 4
FLAG -1.0172184885 0.80937048960000002 1.608734799 4
FLAG -1.1017215629999999 0.6662704264499999 1.5753058885 4
FLAG 0.70834400085000004 -1.086109185 0.41042248469999998 4
FLAG 0.56258020870000003 -1.1695326994999999 0.40767811645000002 4
FLAG 0.94047458745000001 -0.89208883174999998 0.45504093065000001 4
FLAG 0.82941907420000005 -0.99944672540000001 0.45441126669999998 4
FLAG 0.75167216555000005 -1.0501520844000001 0.57164542600000001 4
FLAG 0.55080181215000001 1.1760746630000001 0.42173350575000002 4
FLAG 0.70232272105000004 1.0876933950000001 0.44232068450000001 4
FLAG 0.89049364575000001 0.9389612477 0.44687302954999997 4
FLAG 1.0161191158 0.80884053924999999 0.43302143404999999 4
FLAG 0.80485648224999995 1.0208700670000002 0.50933354674999998 4
FLAG 0.70664892339999996 1.0842826059999999 0.61678898425000006 4
FLAG 0.89481984810000004 0.93555045870000009 0.62134132929999997 4
FLAG -0.38853878654999996 1.228918049 1.591106704 4
FLAG -0.25224691845000002 1.2750274785 1.504545856 4
FLAG -0.41405237880000001 1.2238705304999999 1.413141872 4
FLAG -0.52391635449999996 1.1894022465 1.636265232 4
FLAG -0.114894430918 1.290035703 1.5677021355 4
FLAG -0.140408023168 1.2849881845 1.3897373035 4
FLAG 0.083314257131999997 1.2944373645 1.5796013465000001 4
FLAG -0.78543811619999993 -1.0358956705 1.482642107 4
FLAG -0.87611662054999995 -0.95286370264999998 1.5479637579999999 4
FLAG -0.87398952465000002 -0.95447651215000007 1.3703311010000001 4
FLAG -0.678986427 -1.1017987874999999 1.368700649 4
FLAG -0.68111352290000005 -1.1001859780000001 1.546333306 4
FLAG -0.52393472254999995 -1.1884523764999999 1.5634362799999999 4
FLAG -1.0036755940000002 -0.82392706039999997 1.5658496319999999 4
FLAG -0.063867573460000007 -1.2954518665000001 1.5823873750000002 4
FLAG 0.098293259389999998 -1.2941310399999999 1.5862949715000001 4
FLAG 0.25439882935000002 -1.2721375369999999 1.5486975905 4
FLAG 0.41874808409999997 -1.227611625 1.5464351105 4
FLAG 0.18002560013999999 -1.2777864139999999 1.4230169799999999 4
FLAG -1.2811809135000001 -0.2141253541 1.6089853024999998 4
FLAG -1.2372047954999998 -0.38059655594999997 1.5906828184999999 4
FLAG -1.2948398724999999 -0.07295305635999999 1.6534075159999999 4
FLAG -1.286233459 -0.12444799996 1.5173020844999998 4
FLAG -1.294385369 0.093204173840000001 1.665051112 4
FLAG -1.2949466269999999 0.073245154904999998 0.45560581514999998 4
FLAG -1.2943979455000001 -0.092161653595000004 0.45470608974999999 4
FLAG -1.281936924 0.14467916255500002 0.57791336915000002 4
FLAG -1.2769659799999999 0.23256357475 0.41779789429999997 4
FLAG -1.2387909024999999 0.38497576374999998 0.41887820914999996 4
FLAG -1.0205439811000001 0.80328851000000001 0.43105955875000002 4
FLAG -0.89415914585 0.93515909050000001 0.44464044455000001 4
FLAG -0.7037589448499999 1.0866386244999999 0.44225241949999999 4
FLAG -0.54635159005 1.1778661125000001 0.42506209164999997 4
FLAG -0.80899019770000002 1.0175821775 0.50628711520000003 4
FLAG -0.70989118004999996 1.0817634229999999 0.61517237060000007 4
FLAG -0.90029138104999995 0.93028388900000003 0.61756039564999998 4
FLAG 0.39352207189999999 1.2356386769999999 1.535065253 4
FLAG 0.2381011428 1.276112844 1.5383075349999999 4
FLAG 0.54049554730000005 1.1804720529999999 1.5696438965000001 4
FLAG 0.45349171109999997 1.2081807439999999 1.4048846035 4
FLAG 0.70070758389999999 1.088483409 1.5492050874999999 4
FLAG -0.083480662727500002 1.2944377345 0.40971514785000002 4
FLAG 0.085936317322499997 1.2944728384999999 0.40577267854999999 4
FLAG 0.24261497085 1.2749687949999999 0.44492895700000001 4
FLAG 0.40678424680000003 1.231016227 0.44887142629999999 4
FLAG 0.15940137797250001 1.2804931055 0.56489568464999995 4
FLAG -0.52408765530000001 -1.1881227905 0.42794618375000004 4
FLAG -0.68403628780000003 -1.0986319879999999 0.44198101239999998 4
FLAG -0.87687330029999999 -0.95216255699999996 0.44210935939999996 4
FLAG -1.0053639669500001 -0.82173787600000003 0.42806132699999999 4
FLAG -0.78640884095000008 -1.0351594755 0.50444122574999994 4
FLAG -0.87492360954999993 -0.95364373349999998 0.61461863694999996 4
FLAG -0.68208659705000008 -1.1001131645 0.61449028994999999 4
FLAG 0.83595227485000001 -0.99540164109999996 1.498690565 4
FLAG 0.94979929614999992 -0.87544337475 1.4036010315 4
FLAG 0.9352825146999999 -0.88763477164999993 1.5827043404999999 4
FLAG 0.72618802950000005 -1.0721084940000001 1.5625188905 4
FLAG 0.74070481095000007 -1.0599170971 1.3834155815 4
FLAG 1.0402444389999999 -0.77953318149999995 1.6295467545 4
FLAG 0.56615278185000006 -1.1680271444999999 1.5773472645000002 4
FLAG 1.2126835805 0.43955035775000001 1.273144496 4
FLAG 1.2127403344999999 0.4392997562 1.4399617515000001 4
FLAG 1.2192451984999999 0.42634679165 1.0860389879999999 4
FLAG 1.1640935689999998 0.57850563860000004 1.192817995 4
FLAG 1.2192276634999999 0.4264241258 0.91999732695000003 4
FLAG 1.2264717035000001 -0.41074067725000002 1.0833333335000002 4
FLAG 1.2264717035000001 -0.41074067725000002 0.91666666665000007 4
FLAG 1.2276523925 -0.40602640649999999 1.4089031054999999 4
FLAG 1.2267292895000002 -0.41016896720000001 1.249544722 4
FLAG 1.1852522750000001 -0.53401933675000002 1.1662113884999998 4
FLAG 1.1036714074999998 0.67922685924999993 1.5401113264999999 4
FLAG 1.1817696424999999 0.53852016950000003 1.5514896885 4
FLAG 1.07415331 0.71667687935000002 1.4093894630000001 4
FLAG 1.0202927664999999 0.80419453390000006 1.5695772864999999 4
FLAG 0.89586232514999997 0.93279862600000008 1.5489011754999999 4
FLAG 1.2269472134999999 -0.40968413214999999 0.75222716654999999 4
FLAG 1.2269472134999999 -0.40968413214999999 0.58556049989999992 4
FLAG 1.2292503285 -0.40449403784999999 0.40475170939999999 4
FLAG 1.188248824 -0.52728786229999991 0.49031220929999997 4
FLAG 1.2124536985000001 0.43985981955000003 0.56091464729999996 4
FLAG 1.2123794095 0.44018775525000003 0.72805573074999996 4
FLAG 1.2370746454999999 0.3858704919 0.38931071265 4
FLAG 1.181579626 0.53884000375000007 0.45022535995000001 4
FLAG 1.1228896334999998 -0.63782123539999991 1.5942858819999999 4
FLAG 1.1173196985 -0.65056206599999999 1.4100187919999998 4
FLAG 1.1910797959999999 -0.52070679610000004 1.516689867 4
FLAG 1.2332223275 -0.39328557589999996 1.5931701954999999 4
FLAG 1.2369780260000001 0.38611072099999999 1.611527937 4
FLAG 1.0945163664999999 0.68666439454999995 1.0854049534999999 4
FLAG 1.0879547485000001 0.69986796065000001 1.2725104615 4
FLAG 1.0045761074999999 0.82483563530000004 1.3019764215 4
FLAG 1.0926848745 0.68896198769999994 0.92286589155000009 4
FLAG 1.016546054 0.81032430975000003 1.0025583580499999 4
FLAG 1.163806933 0.57906570195000007 0.81377089080000009 4
FLAG 1.0858366204999998 0.70272561715000004 0.73092429535000003 4
FLAG 0.91314676815000007 0.91408540144999995 0.91890033850000008 4
FLAG 0.91497826015000006 0.91178780829999995 1.0814394004499999 4
FLAG 0.80995192280000006 1.0168449024999999 1.15826884495 4
FLAG 0.91335120864999997 0.91308381080000012 1.2419268644999999 4
FLAG 0.89954977014999993 0.92989272950000013 1.378805866 4
FLAG 0.91194862330000004 0.91504059045000008 0.76191057130000006 4
FLAG 0.81038082945000001 1.0165040890000001 0.8407916137 4
FLAG 1.0687078453000001 0.72323548540000004 0.59035505334999994 4
FLAG 0.99758578679999999 0.83313177115000003 0.69945005409999994 4
FLAG 0.68985416690000001 1.0924172964999999 1.07581139945 4
FLAG 0.68822711539999992 1.093713299 1.2362988635000001 4
FLAG 0.68821680740000002 1.0932100220000001 0.91186228105 4
FLAG 0.566492 1.1700784184999999 0.98989229960000003 4
FLAG 0.68701866254999999 1.094165211 0.75487251384999998 4
FLAG 0.58429727300000001 1.1611499064999999 1.2966523324999999 4
FLAG 0.70439502890000005 1.0855775125 1.3791097780000001 4
FLAG 0.80463742630000001 1.0210468015 1.4888516185 4
FLAG 0.43033369975000002 1.2183839925 0.90428599209999994 4
FLAG 0.43197105925000001 1.217591267 1.0682351105000001 4
FLAG 0.30116549734999998 1.2646221044999999 1.1764673815 4
FLAG 0.43732379759999995 1.2163165304999999 1.2620736890000002 4
FLAG 0.44046733599999999 1.2159301029999998 0.71499757214999993 4
FLAG 0.30594639525 1.2634429515000001 0.79334038304999999 4
FLAG 0.58448490134999997 1.1609885389999999 0.68785965159999995 4
FLAG 0.46009759685000007 1.206047498 0.57691404255000001 4
FLAG 0.14795273644929999 1.282948419 1.0719518415 4
FLAG 0.15330547479929998 1.2816736825000001 1.2657904200000001 4
FLAG 0.15130432732249999 1.282939539 0.90018264754999999 4
FLAG 0.0034443047718000002 1.299991117 0.98950568605 4
FLAG 0.16143796357250001 1.2804856495000001 0.71089422759999998 4
FLAG -0.0014814108687 1.2999982029999999 1.3070842315 4
FLAG 0.151731350032 1.2816718885 1.4115997715000002 4
FLAG -0.1432296515275 1.2832370005 0.90465147525 4
FLAG -0.1465812424007 1.2832458805 1.0764206692 4
FLAG -0.28550785470000001 1.268235862 1.1590737412000001 4
FLAG -0.13883389840070001 1.2849899785000001 1.2439279519999999 4
FLAG -0.15183177247750002 1.28118343 0.7171431036 4
FLAG -0.30185731965000001 1.2644381935 0.80405808675000001 4
FLAG 0.0047593100450000004 1.2999896930000001 0.67173794914999996 4
FLAG -0.15386835807750002 1.2811908860000001 0.57114456065000008 4
FLAG -0.44139592375000003 1.2148093984999999 0.71956834160000005 4
FLAG -0.43279380280000002 1.2168629690000001 0.90707671324999994 4
FLAG -0.57250277174999997 1.1671506075 0.99208985454999998 4
FLAG -0.43296416765000001 1.2167794024999998 1.0765795997000001 4
FLAG -0.42521682365000002 1.2185235004999999 1.2440868825 4
FLAG -0.45755968390000001 1.2066022465000001 0.583843695 4
FLAG -0.58849616704999996 1.1590270220000001 0.68686232150000004 4
FLAG -0.24007174525000002 1.2756314715000001 0.4551203023 4
FLAG -0.39925134675000001 1.2336484890000001 0.45776811174999998 4
FLAG -0.69622254900000002 1.0879520885 0.90700444460000007 4
FLAG -0.69639291385000002 1.0878685219999999 1.07650733105 4
FLAG -0.69372741989999998 1.0899705750000002 0.75089701720000002 4
FLAG -0.81761756199999991 1.0106884895000001 0.8353144937000001 4
FLAG -0.81651003344999995 1.0115779410000001 1.15848961655 4
FLAG -0.69279025620000001 1.0907764599999998 1.2435750264999998 4
FLAG -0.68162581135 1.0961234900000001 1.412630016 4
FLAG -0.56150869174999996 1.1724140709999999 1.3306477305 4
FLAG -0.92065632355000004 0.90656337259999997 1.07078256755 4
FLAG -0.91705366590000004 0.90947131059999997 1.2378502629999999 4
FLAG -0.92047136205000002 0.90679805710000005 0.91084413355000005 4
FLAG -1.0210149945 0.80469142670000005 0.99020478000000001 4
FLAG -0.91797623294999997 0.90881654359999997 0.7547367061500001 4
FLAG -1.0149639640000001 0.81224906529999996 1.2994324660000001 4
FLAG -0.91081767390000001 0.91726363369999997 1.3871395149999999 4
FLAG -0.80296446545000011 1.0222955615 1.5069585679999999 4
FLAG -0.67168290100000005 1.1039331725000001 1.5940312720000001 4
FLAG -1.0991095424999999 0.67803292910000001 0.9100308290000001 4
FLAG -1.099294504 0.67779824459999993 1.0699692629999999 4
FLAG -1.1783495799999999 0.54907840590000001 1.1595460420000001 4
FLAG -1.100255032 0.67573690350000004 1.239719993 4
FLAG -1.0940190400000001 0.68352922659999993 1.389009245 4
FLAG -1.091555592 0.69362560765000003 0.72675442734999995 4
FLAG -1.1698351014999999 0.56673242555000003 0.80651891035000001 4
FLAG -1.0031451811000001 0.82639345659999996 0.69309003550000003 4
FLAG -1.0738707401000001 0.71509295305000009 0.58957811685000006 4
FLAG -1.2245985455000001 0.41020299785000003 1.0743017324999999 4
FLAG -1.2255590734999999 0.40814165675000003 1.2440524625 4
FLAG -1.2239617869999999 0.41317622165000001 0.90899449435000002 4
FLAG -1.2711712804999999 0.27223947250000002 0.99350091485000003 4
FLAG -1.2164078365 0.42876890020000002 0.72571809269999998 4
FLAG -1.2736370804999999 0.26031742175 1.3183578185 4
FLAG -1.2273881150000001 0.39919282980000004 1.4036021279999999 4
FLAG -1.235090638 0.38193402965000001 1.5898987714999999 4
FLAG -1.187012631 0.52975826464999998 1.5155934154999999 4
FLAG -1.2851743885 0.126618819425 0.90897280185000007 4
FLAG -1.285811147 0.12364559562499999 1.0742800400000001 4
FLAG -1.299795126 -0.023053559590000001 1.1465812465 4
FLAG -1.285792018 0.122567093485 1.2311093595 4
FLAG -1.2876210595000002 0.11361826653500001 1.3906590249999999 4
FLAG -1.2852260465000001 0.13028671950500001 0.72195748334999998 4
FLAG -1.2998659130000001 -0.01830715737 0.80273660850000006 4
FLAG -1.2672453994999999 0.28960513934999998 0.68414956250000003 4
FLAG -1.2131187139999999 0.44316134325000001 0.58167397850000002 4
FLAG -1.2803184329999999 -0.165896786095 0.71798349475000001 4
FLAG -1.2802667749999999 -0.16956468617500001 0.90499881324999998 4
FLAG -1.2605640185 -0.31777028230000004 0.98624846175000003 4
FLAG -1.2801114985000002 -0.17018065357500001 1.0710015755 4
FLAG -1.2800923695000002 -0.171259155715 1.2278308949999999 4
FLAG -1.2998342075 -0.003703881975 1.4325674319999999 4
FLAG -1.2876792699999999 0.13404644629000001 1.5198158909999999 4
FLAG -1.2821722210000002 0.21052632235000002 1.623142705 4
FLAG -1.2778105725 -0.175552007945 0.57209202695000005 4
FLAG -1.2582114344999999 -0.32680953675000002 0.67435423169999997 4
FLAG -1.209305699 -0.45407922075000001 0.90336445075000005 4
FLAG -1.2091504225 -0.45469518814999998 1.069367213 4
FLAG -1.2031297175 -0.46587904000000002 0.71894149210000002 4
FLAG -1.1517161215 -0.60280394585000008 0.80206024334999992 4
FLAG -1.1511808910000001 -0.60379946600000001 1.1776088524999999 4
FLAG -1.2024392105000001 -0.46749052754999998 1.2604928635000001 4
FLAG -1.2085220895 -0.44110755155000003 1.4208071869999999 4
FLAG -1.2664916210000001 -0.29200327370000001 1.3125655475 4
FLAG -1.2861752485 -0.144876179715 1.3881452185000001 4
FLAG -1.0768666705000001 -0.71332386400000003 1.0711784185 4
FLAG -1.0701554584999999 -0.72611920340000002 1.262304069 4
FLAG -1.0751333545499999 -0.71538080804999993 0.90656098009999997 4
FLAG -0.99410792204999998 -0.83770054544999994 0.99125619659999997 4
FLAG -1.0689573730499999 -0.72718062729999999 0.72213802144999995 4
FLAG -0.98025463349999997 -0.85354407285 1.2957631935 4
FLAG -1.054568854 -0.74401967484999998 1.4021936275 4
FLAG -1.1731523849999999 -0.55608380980000005 1.5386101344999998 4
FLAG -1.0935764190000001 -0.69650219094999999 1.5323905074999999 4
FLAG -0.88735136899999989 -0.93900365624999993 0.90687210234999993 4
FLAG -0.88908468495000004 -0.93694671219999992 1.07148954075 4
FLAG -0.78281957609999997 -1.0378791514999999 1.1460574482500001 4
FLAG -0.88957612914999995 -0.93657604070000011 1.2304415424999999 4
FLAG -0.88841687814999992 -0.93819907074999997 0.75179463074999997 4
FLAG -0.78339364104999998 -1.0374452375000001 0.83202797489999991 4
FLAG -1.0554641044499999 -0.74262529005 0.58496202765000005 4
FLAG -0.97888133749999995 -0.85520215224999996 0.68946276439999998 4
FLAG -0.65864703204999997 -1.1115376585000001 1.0649605877499999 4
FLAG -0.65913847624999999 -1.1111669870000001 1.2239125895 4
FLAG -0.65951582939999998 -1.1111446164999998 0.90570508100000002 4
FLAG -0.53583472955 -1.184432452 0.98356022224999995 4
FLAG -0.66058133855000001 -1.110340031 0.75062760939999995 4
FLAG -0.55481388295 -1.1754572945000001 1.2876037885 4
FLAG -0.39480589404999999 -1.2296005650000001 0.90393954239999996 4
FLAG -0.39393709669999999 -1.2299936069999999 1.06319504915 4
FLAG -0.26880510315 -1.2718018 1.1741670951500001 4
FLAG -0.40983393865000001 -1.2266336870000001 1.2537877750000002 4
FLAG -0.42968188940000002 -1.2172654875 1.3985758344999999 4
FLAG -0.41061815754999997 -1.2262596225 0.72089217824999996 4
FLAG -0.26872052469999996 -1.2718207774999999 0.80052700514999997 4
FLAG -0.55820878539999996 -1.1738125435 0.68816739604999999 4
FLAG -0.43212341605000004 -1.2160327559999999 0.5847548588 4
FLAG -0.10461786925 -1.28721397 1.06822290715 4
FLAG -0.12051471120000001 -1.28385405 1.258815633 4
FLAG -0.10774747017 -1.2873116205000001 0.90257030184999998 4
FLAG 0.040542921780000005 -1.2993638705000001 0.98721883969999991 4
FLAG -0.12355973367 -1.283970678 0.71952293769999998 4
FLAG 0.033796276440000002 -1.2995230685000001 1.306742903 4
FLAG -0.13039095746000001 -1.2841108984999998 1.412687091 4
FLAG -0.37895477825000001 -1.2396287689999999 1.5296202665 4
FLAG -0.2181785611 -1.279782848 1.534460105 4
FLAG 0.18570005647999999 -1.2779132225000001 0.90200180760000004 4
FLAG 0.18882965739999999 -1.2778155720000002 1.0676544129000001 4
FLAG 0.33505898109999999 -1.2560789175 1.1839284899 4
FLAG 0.18990184639999999 -1.2775295655000001 1.2691455220000001 4
FLAG 0.18573518133 -1.2779038840000001 0.71636496594999999 4
FLAG 0.33402191695 -1.2563555855000001 0.79680053914999993 4
FLAG 0.0235786902495 -1.2997125015 0.67575419140000004 4
FLAG 0.1719005507195 -1.2781548644999998 0.57055292294999993 4
FLAG 0.47066902480000006 -1.2028925720000001 0.71158349425 4
FLAG 0.47063389995000005 -1.2029019105000001 0.89722033589999994 4
FLAG 0.60761900105 -1.1492601984999999 0.98159465500000009 4
FLAG 0.47097189319999999 -1.202723212 1.0668116999000001 4
FLAG 0.47204408220000005 -1.2024372054999999 1.2683028090000001 4
FLAG 0.48232706700000005 -1.1965803954999998 0.56941017075 4
FLAG 0.61893905000000005 -1.1431267205 0.66982996750000001 4
FLAG 0.25271351095 -1.272500744 0.44986907654999997 4
FLAG 0.41431018350000004 -1.2292985509999999 0.44943164320000001 4
FLAG 0.728583341 -1.06657672985 0.89665506535000006 4
FLAG 0.72892133425000005 -1.0663980313500001 1.06624642935 4
FLAG 0.74001412335000005 -1.0564642608999999 0.71381874950000002 4
FLAG 0.86131645655 -0.97360209375000006 0.79847052385000006 4
FLAG 0.85017736524999998 -0.98346240345000002 1.15044704785 4
FLAG 0.72921302529999998 -1.0661458721000001 1.2353866375 4
FLAG 0.61944877995000003 -1.142852725 1.2992149630000001 4
FLAG 0.48353586785000002 -1.1962084305 1.4163317530000001 4
FLAG 0.94667608209999998 -0.87953552535000001 1.06825299885 4
FLAG 0.94696777314999991 -0.87928336610000002 1.237393207 4
FLAG 0.94789641560000004 -0.87788779125000005 0.90596241914999998 4
FLAG 1.0446868235 -0.77370875390000005 0.99290857830000001 4
FLAG 0.95932719794999999 -0.86777532229999998 0.72312610330000004 4
FLAG 1.0462980129999999 -0.77151649664999999 1.3214069825000001 4
FLAG 1.115450923 -0.65332603329999994 0.91530899929999998 4
FLAG 1.1142305895 -0.65497376740000002 1.0775995790000001 4
FLAG 1.1144881755 -0.65440205735000001 1.2438109675 4
FLAG 0.97069192445000008 -0.85188525739999998 0.58296973845 4
FLAG 1.0572718834999999 -0.75617095489999997 0.69046163375000003 4
FLAG 1.1159264330000001 -0.65226948819999997 0.75086949920000001 4
FLAG 1.1854701990000001 -0.53353450169999994 0.83556049989999992 4
FLAG 1.1272911594999999 -0.63637942329999997 0.61071313434999996 4
FLAG -1.1879533394999999 0.52413952460000002 0.46044673935000002 4
FLAG -1.108954392 0.67052066105000008 0.46472395059999999 4
FLAG 1.1043699495000001 0.6784343852500001 0.46449567530000002 4
FLAG 1.0384192730000001 -0.78048446434999996 0.42237646109999999 4
FLAG 1.1295942745000001 -0.63118932899999991 0.42990434384999998 4
FLAG 1.3 0 0 2
FLAG 1 0 0 2
FLAG 1.255703574 0.33646475860000002 0 2
FLAG 1.1258330249999999 0.65000000000000002 0 2
FLAG 0.91923881549999997 0.91923881549999997 0 2
FLAG 0.65000000000000002 1.1258330249999999 0 2
FLAG 0.33646475860000002 1.255703574 0 2
FLAG -3.9616097680000003e-15 1.3 0 2
FLAG -0.33646475860000002 1.255703574 0 2
FLAG -0.65000000000000002 1.1258330249999999 0 2
FLAG -0.91923881549999997 0.91923881549999997 0 2
FLAG -1.1258330249999999 0.65000000000000002 0 2
FLAG -1.255703574 0.33646475860000002 0 2
FLAG -1.3 -5.0366396710000001e-15 0 2
FLAG -1.255703574 -0.33646475860000002 0 2
FLAG -1.1258330249999999 -0.65000000000000002 0 2
FLAG -0.91923881549999997 -0.91923881549999997 0 2
FLAG -0.65000000000000002 -1.1258330249999999 0 2
FLAG -0.33646475860000002 -1.255703574 0 2
FLAG 2.0704577650000001e-15 -1.3 0 2
FLAG 0.33646475860000002 -1.255703574 0 2
FLAG 0.65000000000000002 -1.1258330249999999 0 2
FLAG 0.91923881549999997 -0.91923881549999997 0 2
FLAG 1.1258330249999999 -0.65000000000000002 0 2
FLAG 1.255703574 -0.33646475860000002 0 2
FLAG 1.2778517869999999 0.16823237930000001 0 2
FLAG 1.1907682995 0.49323237930000002 0 2
FLAG 1.02253592025 0.78461940774999994 0 2
FLAG 0.78461940774999994 1.02253592025 0 2
FLAG 0.49323237930000002 1.1907682995 0 2
FLAG 0.16823237929999804 1.2778517869999999 0 2
FLAG -0.16823237930000198 1.2778517869999999 0 2
FLAG -0.49323237930000002 1.1907682995 0 2
FLAG -0.78461940774999994 1.02253592025 0 2
FLAG -1.02253592025 0.78461940774999994 0 2
FLAG -1.1907682995 0.49323237930000002 0 2
FLAG -1.2778517869999999 0.16823237929999749 0 2
FLAG -1.2778517869999999 -0.16823237930000254 0 2
FLAG -1.1907682995 -0.49323237930000002 0 2
FLAG -1.02253592025 -0.78461940774999994 0 2
FLAG -0.78461940774999994 -1.02253592025 0 2
FLAG -0.49323237930000002 -1.1907682995 0 2
FLAG -0.16823237929999899 -1.2778517869999999 0 2
FLAG 0.16823237930000104 -1.2778517869999999 0 2
FLAG 0.49323237930000002 -1.1907682995 0 2
FLAG 0.78461940774999994 -1.02253592025 0 2
FLAG 1.02253592025 -0.78461940774999994 0 2
FLAG 1.1907682995 -0.49323237930000002 0 2
FLAG 1.2778517869999999 -0.16823237930000001 0 2
FLAG 0.93969262080000004 0.34202014330000002 0 2
FLAG 0.76604444309999997 0.64278760970000004 0 2
FLAG 0.5 0.86602540380000004 0 2
FLAG 0.17364817769999999 0.98480775300000001 0 2
FLAG -0.17364817769999999 0.98480775300000001 0 2
FLAG -0.5 0.86602540380000004 0 2
FLAG -0.76604444309999997 0.64278760970000004 0 2
FLAG -0.93969262080000004 0.34202014330000002 0 2
FLAG -1 1.4547323089999999e-15 0 2
FLAG -0.93969262080000004 -0.34202014330000002 0 2
FLAG -0.76604444309999997 -0.64278760970000004 0 2
FLAG -0.5 -0.86602540380000004 0 2
FLAG -0.17364817769999999 -0.98480775300000001 0 2
FLAG 0.17364817769999999 -0.98480775300000001 0 2
FLAG 0.5 -0.86602540380000004 0 2
FLAG 0.76604444309999997 -0.64278760970000004 0 2
FLAG 0.93969262080000004 -0.34202014330000002 0 2
FLAG 0.96984631040000002 0.17101007165000001 0 2
FLAG 0.85286853195000001 0.49240387650000006 0 2
FLAG 0.63302222154999999 0.75440650675000009 0 2
FLAG 0.33682408884999998 0.92541657840000002 0 2
FLAG 0 0.98480775300000001 0 2
FLAG -0.33682408884999998 0.92541657840000002 0 2
FLAG -0.63302222154999999 0.75440650675000009 0 2
FLAG -0.85286853195000001 0.49240387650000006 0 2
FLAG -0.96984631040000002 0.17101007165000073 0 2
FLAG -0.96984631040000002 -0.17101007164999929 0 2
FLAG -0.85286853195000001 -0.49240387650000006 0 2
FLAG -0.63302222154999999 -0.75440650675000009 0 2
FLAG -0.33682408884999998 -0.92541657840000002 0 2
FLAG 0 -0.98480775300000001 0 2
FLAG 0.33682408884999998 -0.92541657840000002 0 2
FLAG 0.63302222154999999 -0.75440650675000009 0 2
FLAG 0.85286853195000001 -0.49240387650000006 0 2
FLAG 0.96984631040000002 -0.17101007165000001 0 2
FLAG 1.1499999999999999 0 0 2
FLAG 1.127851787 0.16823237930000001 0 2
FLAG 1.127851787 -0.16823237930000001 0 2
FLAG 1.0976980973999999 0.33924245095000005 0 2
FLAG 1.0976980973999999 -0.33924245095000005 0 2
FLAG 1.0327628229000001 0.49601007165 0 2
FLAG 0.94593873404999995 0.64639380484999998 0 2
FLAG 0.84264162929999997 0.78101321260000001 0 2
FLAG 0.70961940774999999 0.89263210965000006 0 2
FLAG 0.57499999999999996 0.99592921440000004 0 2
FLAG 0.41823237930000001 1.0608644889000001 0 2
FLAG 0.25505646814999999 1.1202556635000001 0 2
FLAG 0.08682408884999801 1.1424038765 0 2
FLAG -0.086824088850001979 1.1424038765 0 2
FLAG -0.25505646814999999 1.1202556635000001 0 2
FLAG -0.57499999999999996 0.99592921440000004 0 2
FLAG -0.41823237930000001 1.0608644889000001 0 2
FLAG -0.70961940774999999 0.89263210965000006 0 2
FLAG -0.84264162929999997 0.78101321260000001 0 2
FLAG -0.94593873404999995 0.64639380484999998 0 2
FLAG -1.0327628229000001 0.49601007165 0 2
FLAG -1.0976980973999999 0.33924245095000005 0 2
FLAG -1.127851787 0.16823237930000073 0 2
FLAG -1.1499999999999999 -1.7909536810000001e-15 0 2
FLAG -1.127851787 -0.16823237929999929 0 2
FLAG -1.0976980973999999 -0.33924245095000005 0 2
FLAG -1.0327628229000001 -0.49601007165 0 2
FLAG -0.94593873404999995 -0.64639380484999998 0 2
FLAG -0.84264162929999997 -0.78101321260000001 0 2
FLAG -0.70961940774999999 -0.89263210965000006 0 2
FLAG -0.57499999999999996 -0.99592921440000004 0 2
FLAG -0.41823237930000001 -1.0608644889000001 0 2
FLAG -0.25505646814999999 -1.1202556635000001 0 2
FLAG -0.086824088849998954 -1.1424038765 0 2
FLAG 0.086824088850001035 -1.1424038765 0 2
FLAG 0.25505646814999999 -1.1202556635000001 0 2
FLAG 0.57499999999999996 -0.99592921440000004 0 2
FLAG 0.41823237930000001 -1.0608644889000001 0 2
FLAG 0.70961940774999999 -0.89263210965000006 0 2
FLAG 0.84264162929999997 -0.78101321260000001 0 2
FLAG 0.94593873404999995 -0.64639380484999998 0 2
FLAG 1.0327628229000001 -0.49601007165 0 2
FLAG 1.3 0 2 3
FLAG 1 0 2 3
FLAG 1.255703574 0.33646475860000002 2 3
FLAG 1.1258330249999999 0.65000000000000002 2 3
FLAG 0.91923881549999997 0.91923881549999997 2 3
FLAG 0.65000000000000002 1.1258330249999999 2 3
FLAG 0.33646475860000002 1.255703574 2 3
FLAG -3.9616097680000003e-15 1.3 2 3
FLAG -0.33646475860000002 1.255703574 2 3
FLAG -0.65000000000000002 1.1258330249999999 2 3
FLAG -0.91923881549999997 0.91923881549999997 2 3
FLAG -1.1258330249999999 0.65000000000000002 2 3
FLAG -1.255703574 0.33646475860000002 2 3
FLAG -1.3 -5.0366396710000001e-15 2 3
FLAG -1.255703574 -0.33646475860000002 2 3
FLAG -1.1258330249999999 -0.65000000000000002 2 3
FLAG -0.91923881549999997 -0.91923881549999997 2 3
FLAG -0.65000000000000002 -1.1258330249999999 2 3
FLAG -0.33646475860000002 -1.255703574 2 3
FLAG 2.0704577650000001e-15 -1.3 2 3
FLAG 0.33646475860000002 -1.255703574 2 3
FLAG 0.65000000000000002 -1.1258330249999999 2 3
FLAG 0.91923881549999997 -0.91923881549999997 2 3
FLAG 1.1258330249999999 -0.65000000000000002 2 3
FLAG 1.255703574 -0.33646475860000002 2 3
FLAG 1.2778517869999999 0.16823237930000001 2 3
FLAG 1.1907682995 0.49323237930000002 2 3
FLAG 1.02253592025 0.78461940774999994 2 3
FLAG 0.78461940774999994 1.02253592025 2 3
FLAG 0.49323237930000002 1.1907682995 2 3
FLAG 0.16823237929999804 1.2778517869999999 2 3
FLAG -0.16823237930000198 1.2778517869999999 2 3
FLAG -0.49323237930000002 1.1907682995 2 3
FLAG -0.78461940774999994 1.02253592025 2 3
FLAG -1.02253592025 0.78461940774999994 2 3
FLAG -1.1907682995 0.49323237930000002 2 3
FLAG -1.2778517869999999 0.16823237929999749 2 3
FLAG -1.2778517869999999 -0.16823237930000254 2 3
FLAG -1.1907682995 -0.49323237930000002 2 3
FLAG -1.02253592025 -0.78461940774999994 2 3
FLAG -0.78461940774999994 -1.02253592025 2 3
FLAG -0.49323237930000002 -1.1907682995 2 3
FLAG -0.16823237929999899 -1.2778517869999999 2 3
FLAG 0.16823237930000104 -1.2778517869999999 2 3
FLAG 0.49323237930000002 -1.1907682995 2 3
FLAG 0.78461940774999994 -1.02253592025 2 3
FLAG 1.02253592025 -0.78461940774999994 2 3
FLAG 1.1907682995 -0.49323237930000002 2 3
FLAG 1.2778517869999999 -0.16823237930000001 2 3
FLAG 0.93969262080000004 0.34202014330000002 2 3
FLAG 0.76604444309999997 0.64278760970000004 2 3
FLAG 0.5 0.86602540380000004 2 3
FLAG 0.17364817769999999 0.98480775300000001 2 3
FLAG -0.17364817769999999 0.98480775300000001 2 3
FLAG -0.5 0.86602540380000004 2 3
FLAG -0.76604444309999997 0.64278760970000004 2 3
FLAG -0.93969262080000004 0.34202014330000002 2 3
FLAG -1 1.4547323089999999e-15 2 3
FLAG -0.93969262080000004 -0.34202014330000002 2 3
FLAG -0.76604444309999997 -0.64278760970000004 2 3
FLAG -0.5 -0.86602540380000004 2 3
FLAG -0.17364817769999999 -0.98480775300000001 2 3
FLAG 0.17364817769999999 -0.98480775300000001 2 3
FLAG 0.5 -0.86602540380000004 2 3
FLAG 0.76604444309999997 -0.64278760970000004 2 3
FLAG 0.93969262080000004 -0.34202014330000002 2 3
FLAG 0.96984631040000002 0.17101007165000001 2 3
FLAG 0.85286853195000001 0.49240387650000006 2 3
FLAG 0.63302222154999999 0.75440650675000009 2 3
FLAG 0.33682408884999998 0.92541657840000002 2 3
FLAG 0 0.98480775300000001 2 3
FLAG -0.33682408884999998 0.92541657840000002 2 3
FLAG -0.63302222154999999 0.75440650675000009 2 3
FLAG -0.85286853195000001 0.49240387650000006 2 3
FLAG -0.96984631040000002 0.17101007165000073 2 3
FLAG -0.96984631040000002 -0.17101007164999929 2 3
FLAG -0.85286853195000001 -0.49240387650000006 2 3
FLAG -0.63302222154999999 -0.75440650675000009 2 3
FLAG -0.33682408884999998 -0.92541657840000002 2 3
FLAG 0 -0.98480775300000001 2 3
FLAG 0.33682408884999998 -0.92541657840000002 2 3
FLAG 0.63302222154999999 -0.75440650675000009 2 3
FLAG 0.85286853195000001 -0.49240387650000006 2 3
FLAG 0.96984631040000002 -0.17101007165000001 2 3
FLAG 1.127851787 0.16823237930000001 2 3
FLAG 1.1499999999999999 0 2 3
FLAG 1.127851787 -0.16823237930000001 2 3
FLAG 1.0976980973999999 0.33924245095000005 2 3
FLAG 1.0976980973999999 -0.33924245095000005 2 3
FLAG 1.0327628229000001 0.49601007165 2 3
FLAG 0.94593873404999995 0.64639380484999998 2 3
FLAG 0.84264162929999997 0.78101321260000001 2 3
FLAG 0.57499999999999996 0.99592921440000004 2 3
FLAG 0.70961940774999999 0.89263210965000006 2 3
FLAG 0.41823237930000001 1.0608644889000001 2 3
FLAG 0.25505646814999999 1.1202556635000001 2 3
FLAG 0.08682408884999801 1.1424038765 2 3
FLAG -0.086824088850001979 1.1424038765 2 3
FLAG -0.25505646814999999 1.1202556635000001 2 3
FLAG -0.41823237930000001 1.0608644889000001 2 3
FLAG -0.57499999999999996 0.99592921440000004 2 3
FLAG -0.70961940774999999 0.89263210965000006 2 3
FLAG -0.84264162929999997 0.78101321260000001 2 3
FLAG -0.94593873404999995 0.64639380484999998 2 3
FLAG -1.0327628229000001 0.49601007165 2 3
FLAG -1.0976980973999999 0.33924245095000005 2 3
FLAG -1.127851787 0.16823237930000073 2 3
FLAG -1.1499999999999999 -1.7909536810000001e-15 2 3
FLAG -1.127851787 -0.16823237929999929 2 3
FLAG -1.0976980973999999 -0.33924245095000005 2 3
FLAG -1.0327628229000001 -0.49601007165 2 3
FLAG -0.94593873404999995 -0.64639380484999998 2 3
FLAG -0.84264162929999997 -0.78101321260000001 2 3
FLAG -0.70961940774999999 -0.89263210965000006 2 3
FLAG -0.57499999999999996 -0.99592921440000004 2 3
FLAG -0.41823237930000001 -1.0608644889000001 2 3
FLAG -0.25505646814999999 -1.1202556635000001 2 3
FLAG -0.086824088849998954 -1.1424038765 2 3
FLAG 0.086824088850001035 -1.1424038765 2 3
FLAG 0.25505646814999999 -1.1202556635000001 2 3
FLAG 0.41823237930000001 -1.0608644889000001 2 3
FLAG 0.57499999999999996 -0.99592921440000004 2 3
FLAG 0.70961940774999999 -0.89263210965000006 2 3
FLAG 0.84264162929999997 -0.78101321260000001 2 3
FLAG 0.94593873404999995 -0.64639380484999998 2 3
FLAG 1.0327628229000001 -0.49601007165 2 3
FLAG 1.3 0 0.66666666669999997 13
FLAG 1.3 0 1 13
FLAG 1.3 0 0.83333333334999993 13
FLAG 1.2678001400000001 0.28754617910000002 0.83428216690000001 13
FLAG 1.2839000700000001 0.14377308955000001 0.75047441679999993 13
FLAG 1.2839000700000001 0.14377308955000001 0.91714108345000001 13
FLAG 9.2713898599999998e-05 1.299999997 1.1612748799999999 14
FLAG 0.0067958956450000002 1.299982237 0.81773649209999999 14
FLAG -0.2932551987 1.266491764 0.99156645840000002 14
FLAG 0.0034443047718000002 1.299991117 0.98950568605 14
FLAG -0.1432296515275 1.2832370005 0.90465147525 14
FLAG -0.1465812424007 1.2832458805 1.0764206692 14
FLAG -1.2718080389999999 0.26926624869999999 1.1588081530000001 16
FLAG -1.299814255 -0.021975057449999998 0.98975192700000003 16
FLAG -1.299775997 -0.024132061730000001 1.3034105659999999 16
FLAG -1.285811147 0.12364559562499999 1.0742800400000001 16
FLAG -1.299795126 -0.023053559590000001 1.1465812465 16
FLAG -1.285792018 0.122567093485 1.2311093595 16
FLAG 1 0 0 7
FLAG 0.93969262080000004 0.34202014330000002 0 7
FLAG 0.76604444309999997 0.64278760970000004 0 7
FLAG 0.5 0.86602540380000004 0 7
FLAG 0.17364817769999999 0.98480775300000001 0 7
FLAG -0.17364817769999999 0.98480775300000001 0 7
FLAG -0.5 0.86602540380000004 0 7
FLAG -0.76604444309999997 0.64278760970000004 0 7
FLAG -0.93969262080000004 0.34202014330000002 0 7
FLAG -1 1.4547323089999999e-15 0 7
FLAG -0.93969262080000004 -0.34202014330000002 0 7
FLAG -0.76604444309999997 -0.64278760970000004 0 7
FLAG -0.5 -0.86602540380000004 0 7
FLAG -0.17364817769999999 -0.98480775300000001 0 7
FLAG 0.17364817769999999 -0.98480775300000001 0 7
FLAG 0.5 -0.86602540380000004 0 7
FLAG 0.76604444309999997 -0.64278760970000004 0 7
FLAG 0.93969262080000004 -0.34202014330000002 0 7
FLAG 0.96984631040000002 0.17101007165000001 0 7
FLAG 0.85286853195000001 0.49240387650000006 0 7
FLAG 0.63302222154999999 0.75440650675000009 0 7
FLAG 0.33682408884999998 0.92541657840000002 0 7
FLAG 0 0.98480775300000001 0 7
FLAG -0.33682408884999998 0.92541657840000002 0 7
FLAG -0.63302222154999999 0.75440650675000009 0 7
FLAG -0.85286853195000001 0.49240387650000006 0 7
FLAG -0.96984631040000002 0.17101007165000073 0 7
FLAG -0.96984631040000002 -0.17101007164999929 0 7
FLAG -0.85286853195000001 -0.49240387650000006 0 7
FLAG -0.63302222154999999 -0.75440650675000009 0 7
FLAG -0.33682408884999998 -0.92541657840000002 0 7
FLAG 0 -0.98480775300000001 0 7
FLAG 0.33682408884999998 -0.92541657840000002 0 7
FLAG 0.63302222154999999 -0.75440650675000009 0 7
FLAG 0.85286853195000001 -0.49240387650000006 0 7
FLAG 0.96984631040000002 -0.17101007165000001 0 7
FLAG 1 0 2 8
FLAG 0.93969262080000004 0.34202014330000002 2 8
FLAG 0.76604444309999997 0.64278760970000004 2 8
FLAG 0.5 0.86602540380000004 2 8
FLAG 0.17364817769999999 0.98480775300000001 2 8
FLAG -0.17364817769999999 0.98480775300000001 2 8
FLAG -0.5 0.86602540380000004 2 8
FLAG -0.76604444309999997 0.64278760970000004 2 8
FLAG -0.93969262080000004 0.34202014330000002 2 8
FLAG -1 1.4547323089999999e-15 2 8
FLAG -0.93969262080000004 -0.34202014330000002 2 8
FLAG -0.76604444309999997 -0.64278760970000004 2 8
FLAG -0.5 -0.86602540380000004 2 8
FLAG -0.17364817769999999 -0.98480775300000001 2 8
FLAG 0.17364817769999999 -0.98480775300000001 2 8
FLAG 0.5 -0.86602540380000004 2 8
FLAG 0.76604444309999997 -0.64278760970000004 2 8
FLAG 0.93969262080000004 -0.34202014330000002 2 8
FLAG 0.96984631040000002 0.17101007165000001 2 8
FLAG 0.85286853195000001 0.49240387650000006 2 8
FLAG 0.63302222154999999 0.75440650675000009 2 8
FLAG 0.33682408884999998 0.92541657840000002 2 8
FLAG 0 0.98480775300000001 2 8
FLAG -0.33682408884999998 0.92541657840000002 2 8
FLAG -0.63302222154999999 0.75440650675000009 2 8
FLAG -0.85286853195000001 0.49240387650000006 2 8
FLAG -0.96984631040000002 0.17101007165000073 2 8
FLAG -0.96984631040000002 -0.17101007164999929 2 8
FLAG -0.85286853195000001 -0.49240387650000006 2 8
FLAG -0.63302222154999999 -0.75440650675000009 2 8
FLAG -0.33682408884999998 -0.92541657840000002 2 8
FLAG 0 -0.98480775300000001 2 8
FLAG 0.33682408884999998 -0.92541657840000002 2 8
FLAG 0.63302222154999999 -0.75440650675000009 2 8
FLAG 0.85286853195000001 -0.49240387650000006 2 8
FLAG 0.96984631040000002 -0.17101007165000001 2 8
FLAG 1.3 0 0 6
FLAG 1.255703574 0.33646475860000002 0 6
FLAG 1.1258330249999999 0.65000000000000002 0 6
FLAG 0.91923881549999997 0.91923881549999997 0 6
FLAG 0.65000000000000002 1.1258330249999999 0 6
FLAG 0.33646475860000002 1.255703574 0 6
FLAG -3.9616097680000003e-15 1.3 0 6
FLAG -0.33646475860000002 1.255703574 0 6
FLAG -0.65000000000000002 1.1258330249999999 0 6
FLAG -0.91923881549999997 0.91923881549999997 0 6
FLAG -1.1258330249999999 0.65000000000000002 0 6
FLAG -1.255703574 0.33646475860000002 0 6
FLAG -1.3 -5.0366396710000001e-15 0 6
FLAG -1.255703574 -0.33646475860000002 0 6
FLAG -1.1258330249999999 -0.65000000000000002 0 6
FLAG -0.91923881549999997 -0.91923881549999997 0 6
FLAG -0.65000000000000002 -1.1258330249999999 0 6
FLAG -0.33646475860000002 -1.255703574 0 6
FLAG 2.0704577650000001e-15 -1.3 0 6
FLAG 0.33646475860000002 -1.255703574 0 6
FLAG 0.65000000000000002 -1.1258330249999999 0 6
FLAG 0.91923881549999997 -0.91923881549999997 0 6
FLAG 1.1258330249999999 -0.65000000000000002 0 6
FLAG 1.255703574 -0.33646475860000002 0 6
FLAG 1.2778517869999999 0.16823237930000001 0 6
FLAG 1.1907682995 0.49323237930000002 0 6
FLAG 1.02253592025 0.78461940774999994 0 6
FLAG 0.78461940774999994 1.02253592025 0 6
FLAG 0.49323237930000002 1.1907682995 0 6
FLAG 0.16823237929999804 1.2778517869999999 0 6
FLAG -0.16823237930000198 1.2778517869999999 0 6
FLAG -0.49323237930000002 1.1907682995 0 6
FLAG -0.78461940774999994 1.02253592025 0 6
FLAG -1.02253592025 0.78461940774999994 0 6
FLAG -1.1907682995 0.49323237930000002 0 6
FLAG -1.2778517869999999 0.16823237929999749 0 6
FLAG -1.2778517869999999 -0.16823237930000254 0 6
FLAG -1.1907682995 -0.49323237930000002 0 6
FLAG -1.02253592025 -0.78461940774999994 0 6
FLAG -0.78461940774999994 -1.02253592025 0 6
FLAG -0.49323237930000002 -1.1907682995 0 6
FLAG -0.16823237929999899 -1.2778517869999999 0 6
FLAG 0.16823237930000104 -1.2778517869999999 0 6
FLAG 0.49323237930000002 -1.1907682995 0 6
FLAG 0.78461940774999994 -1.02253592025 0 6
FLAG 1.02253592025 -0.78461940774999994 0 6
FLAG 1.1907682995 -0.49323237930000002 0 6
FLAG 1.2778517869999999 -0.16823237930000001 0 6
FLAG 1.3 0 2 9
FLAG 1.255703574 0.33646475860000002 2 9
FLAG 1.1258330249999999 0.65000000000000002 2 9
FLAG 0.91923881549999997 0.91923881549999997 2 9
FLAG 0.65000000000000002 1.1258330249999999 2 9
FLAG 0.33646475860000002 1.255703574 2 9
FLAG -3.9616097680000003e-15 1.3 2 9
FLAG -0.33646475860000002 1.255703574 2 9
FLAG -0.65000000000000002 1.1258330249999999 2 9
FLAG -0.91923881549999997 0.91923881549999997 2 9
FLAG -1.1258330249999999 0.65000000000000002 2 9
FLAG -1.255703574 0.33646475860000002 2 9
FLAG -1.3 -5.0366396710000001e-15 2 9
FLAG -1.255703574 -0.33646475860000002 2 9
FLAG -1.1258330249999999 -0.65000000000000002 2 9
FLAG -0.91923881549999997 -0.91923881549999997 2 9
FLAG -0.65000000000000002 -1.1258330249999999 2 9
FLAG -0.33646475860000002 -1.255703574 2 9
FLAG 2.0704577650000001e-15 -1.3 2 9
FLAG 0.33646475860000002 -1.255703574 2 9
FLAG 0.65000000000000002 -1.1258330249999999 2 9
FLAG 0.91923881549999997 -0.91923881549999997 2 9
FLAG 1.1258330249999999 -0.65000000000000002 2 9
FLAG 1.255703574 -0.33646475860000002 2 9
FLAG 1.2778517869999999 0.16823237930000001 2 9
FLAG 1.1907682995 0.49323237930000002 2 9
FLAG 1.02253592025 0.78461940774999994 2 9
FLAG 0.78461940774999994 1.02253592025 2 9
FLAG 0.49323237930000002 1.1907682995 2 9
FLAG 0.16823237929999804 1.2778517869999999 2 9
FLAG -0.16823237930000198 1.2778517869999999 2 9
FLAG -0.49323237930000002 1.1907682995 2 9
FLAG -0.78461940774999994 1.02253592025 2 9
FLAG -1.02253592025 0.78461940774999994 2 9
FLAG -1.1907682995 0.49323237930000002 2 9
FLAG -1.2778517869999999 0.16823237929999749 2 9
FLAG -1.2778517869999999 -0.16823237930000254 2 9
FLAG -1.1907682995 -0.49323237930000002 2 9
FLAG -1.02253592025 -0.78461940774999994 2 9
FLAG -0.78461940774999994 -1.02253592025 2 9
FLAG -0.49323237930000002 -1.1907682995 2 9
FLAG -0.16823237929999899 -1.2778517869999999 2 9
FLAG 0.16823237930000104 -1.2778517869999999 2 9
FLAG 0.49323237930000002 -1.1907682995 2 9
FLAG 0.78461940774999994 -1.02253592025 2 9
FLAG 1.02253592025 -0.78461940774999994 2 9
FLAG 1.1907682995 -0.49323237930000002 2 9
FLAG 1.2778517869999999 -0.16823237930000001 2 9
